Date: 27/09/2026, 13:09:58
Name: S1A
Type: final_output

op;secondaryCode;trackName;time;seconds;position;speed;speedLimit;lineCode;electrificationType;electrificationMode;electrificationProfile
;;;00:00:00;1790481600;0;0;40;;;;
Hamilton GO Centre;BV;3c61b979-de4f-4970-b422-b81f6c891b7d;00:00:00;1790481600;0;0;40;;;;
;;3c61b979-de4f-4970-b422-b81f6c891b7d;00:00:00;1790481600;0;0;40;;;;
;;3c61b979-de4f-4970-b422-b81f6c891b7d;00:00:00;1790481600;0;0;40;;non_electrified;;
;;3c61b979-de4f-4970-b422-b81f6c891b7d;00:00:02;1790481602;0,001;2,785;40;;non_electrified;;
;;3c61b979-de4f-4970-b422-b81f6c891b7d;00:00:04;1790481604;0,003;5,569;40;;non_electrified;;
;;3c61b979-de4f-4970-b422-b81f6c891b7d;00:00:06;1790481606;0,007;8,351;40;;non_electrified;;
;;3c61b979-de4f-4970-b422-b81f6c891b7d;00:00:10;1790481610;0,019;13,911;40;;non_electrified;;
;;3c61b979-de4f-4970-b422-b81f6c891b7d;00:00:14;1790481614;0,038;19,465;40;;non_electrified;;
;;3c61b979-de4f-4970-b422-b81f6c891b7d;00:00:22;1790481622;0,093;30,546;40;;non_electrified;;
;;3c61b979-de4f-4970-b422-b81f6c891b7d;00:00:29;1790481629,5;0,167;40,234;40;;non_electrified;;
;;3c61b979-de4f-4970-b422-b81f6c891b7d;00:01:06;1790481666,5;0,581;40,234;40;;non_electrified;;
;;3c61b979-de4f-4970-b422-b81f6c891b7d;00:01:06;1790481666,5;0,581;40,234;48;;non_electrified;;
;;3c61b979-de4f-4970-b422-b81f6c891b7d;00:01:40;1790481700,7;0,964;40,234;48;;non_electrified;;
;;3c61b979-de4f-4970-b422-b81f6c891b7d;00:01:48;1790481708,3;1,057;48,28;48;;non_electrified;;
;;3c61b979-de4f-4970-b422-b81f6c891b7d;00:05:30;1790481930,8;4,041;48,28;48;;non_electrified;;
;;3c61b979-de4f-4970-b422-b81f6c891b7d;00:05:34;1790481934,5;4,086;40,234;48;;non_electrified;;
;;3c61b979-de4f-4970-b422-b81f6c891b7d;00:05:43;1790481943,5;4,186;40,234;48;;non_electrified;;
;;3c61b979-de4f-4970-b422-b81f6c891b7d;00:05:43;1790481943,5;4,186;40,234;40;;non_electrified;;
;;3c61b979-de4f-4970-b422-b81f6c891b7d;00:06:13;1790481973,8;4,525;40,234;40;;non_electrified;;
;;3c61b979-de4f-4970-b422-b81f6c891b7d;00:06:13;1790481973,8;4,525;40,234;150;;non_electrified;;
;;3c61b979-de4f-4970-b422-b81f6c891b7d;00:06:35;1790481995,5;4,768;40,234;150;;non_electrified;;
;;3c61b979-de4f-4970-b422-b81f6c891b7d;00:06:35;1790481995,5;4,768;40,234;48;;non_electrified;;
;;3c61b979-de4f-4970-b422-b81f6c891b7d;00:06:48;1790482008;4,908;40,234;48;;non_electrified;;
;;3c61b979-de4f-4970-b422-b81f6c891b7d;00:06:55;1790482015,6;5,002;48,28;48;;non_electrified;;
;;3c61b979-de4f-4970-b422-b81f6c891b7d;00:07:50;1790482070,1;5,732;48,28;48;;non_electrified;;
;;3c61b979-de4f-4970-b422-b81f6c891b7d;00:07:50;1790482070,1;5,732;48,28;80;;non_electrified;;
;;3c61b979-de4f-4970-b422-b81f6c891b7d;00:08:18;1790482098,6;6,115;48,28;80;;non_electrified;;
;;3c61b979-de4f-4970-b422-b81f6c891b7d;00:08:28;1790482108,6;6,262;57,111;80;;non_electrified;;
;;3c61b979-de4f-4970-b422-b81f6c891b7d;00:08:37;1790482118;6,422;64,076;80;;non_electrified;;
;;3c61b979-de4f-4970-b422-b81f6c891b7d;00:08:37;1790482118;6,422;64,076;129;;non_electrified;;
;;3c61b979-de4f-4970-b422-b81f6c891b7d;00:08:40;1790482120,6;6,467;66,058;129;;non_electrified;;
;;3c61b979-de4f-4970-b422-b81f6c891b7d;00:08:52;1790482132,6;6,701;73,808;129;;non_electrified;;
;;3c61b979-de4f-4970-b422-b81f6c891b7d;00:09:06;1790482146,6;7,004;81,779;129;;non_electrified;;
;;3c61b979-de4f-4970-b422-b81f6c891b7d;00:09:20;1790482160,6;7,336;88,887;129;;non_electrified;;
;;3c61b979-de4f-4970-b422-b81f6c891b7d;00:09:36;1790482176,6;7,747;96,193;129;;non_electrified;;
;;3c61b979-de4f-4970-b422-b81f6c891b7d;00:10:07;1790482207,9;8,638;108,566;129;;non_electrified;;
;;3c61b979-de4f-4970-b422-b81f6c891b7d;00:10:14;1790482214,2;8,815;95,04;129;;non_electrified;;
;;3c61b979-de4f-4970-b422-b81f6c891b7d;00:10:20;1790482220,2;8,962;82,08;129;;non_electrified;;
;;3c61b979-de4f-4970-b422-b81f6c891b7d;00:10:28;1790482228,2;9,125;64,8;129;;non_electrified;;
;;3c61b979-de4f-4970-b422-b81f6c891b7d;00:10:34;1790482234,2;9,223;51,84;129;;non_electrified;;
;;3c61b979-de4f-4970-b422-b81f6c891b7d;00:10:40;1790482240,2;9,298;38,88;129;;non_electrified;;
;;3c61b979-de4f-4970-b422-b81f6c891b7d;00:10:44;1790482244,2;9,337;30,24;129;;non_electrified;;
;;3c61b979-de4f-4970-b422-b81f6c891b7d;00:10:48;1790482248,2;9,365;21,6;129;;non_electrified;;
;;3c61b979-de4f-4970-b422-b81f6c891b7d;00:10:50;1790482250,2;9,376;17,28;129;;non_electrified;;
;;3c61b979-de4f-4970-b422-b81f6c891b7d;00:10:52;1790482252,2;9,385;12,96;129;;non_electrified;;
;;3c61b979-de4f-4970-b422-b81f6c891b7d;00:10:54;1790482254,2;9,391;8,64;129;;non_electrified;;
;;3c61b979-de4f-4970-b422-b81f6c891b7d;00:10:56;1790482256,2;9,394;4,32;129;;non_electrified;;
;;3c61b979-de4f-4970-b422-b81f6c891b7d;00:10:58;1790482258,2;9,395;0;129;;non_electrified;;
;;3c61b979-de4f-4970-b422-b81f6c891b7d;00:11:58;1790482318,2;9,395;0;129;;non_electrified;;
Aldershot;BV;68ef999b-1df7-4c54-a46c-0e8de4b5a0eb;00:10:58;1790482258,2;9,395;0;129;;non_electrified;;
;;68ef999b-1df7-4c54-a46c-0e8de4b5a0eb;00:12:00;1790482320,2;9,396;2,785;129;;non_electrified;;
;;68ef999b-1df7-4c54-a46c-0e8de4b5a0eb;00:12:02;1790482322,2;9,399;5,569;129;;non_electrified;;
;;68ef999b-1df7-4c54-a46c-0e8de4b5a0eb;00:12:06;1790482326,2;9,408;11,132;129;;non_electrified;;
;;68ef999b-1df7-4c54-a46c-0e8de4b5a0eb;00:12:10;1790482330,2;9,423;16,689;129;;non_electrified;;
;;68ef999b-1df7-4c54-a46c-0e8de4b5a0eb;00:12:14;1790482334,2;9,445;22,24;129;;non_electrified;;
;;68ef999b-1df7-4c54-a46c-0e8de4b5a0eb;00:12:22;1790482342,2;9,507;33,29;129;;non_electrified;;
;;68ef999b-1df7-4c54-a46c-0e8de4b5a0eb;00:12:30;1790482350,2;9,592;43,099;129;;non_electrified;;
;;68ef999b-1df7-4c54-a46c-0e8de4b5a0eb;00:12:38;1790482358,2;9,697;51,056;129;;non_electrified;;
;;68ef999b-1df7-4c54-a46c-0e8de4b5a0eb;00:12:46;1790482366,2;9,818;57,876;129;;non_electrified;;
;;68ef999b-1df7-4c54-a46c-0e8de4b5a0eb;00:12:56;1790482376,2;9,989;65,331;129;;non_electrified;;
;;68ef999b-1df7-4c54-a46c-0e8de4b5a0eb;00:13:06;1790482386,2;10,18;71,931;129;;non_electrified;;
;;68ef999b-1df7-4c54-a46c-0e8de4b5a0eb;00:13:30;1790482410,2;10,706;85,403;129;;non_electrified;;
;;68ef999b-1df7-4c54-a46c-0e8de4b5a0eb;00:13:56;1790482436,2;11,368;97,46;129;;non_electrified;;
;;68ef999b-1df7-4c54-a46c-0e8de4b5a0eb;00:14:24;1790482464,2;12,17;108,458;129;;non_electrified;;
;;68ef999b-1df7-4c54-a46c-0e8de4b5a0eb;00:14:55;1790482496;13,177;119,148;129;;non_electrified;;
;;68ef999b-1df7-4c54-a46c-0e8de4b5a0eb;00:15:03;1790482503,1;13,398;103,68;129;;non_electrified;;
;;68ef999b-1df7-4c54-a46c-0e8de4b5a0eb;00:15:10;1790482510,8;13,6;87,158;129;;non_electrified;;
;;68ef999b-1df7-4c54-a46c-0e8de4b5a0eb;00:15:10;1790482510,8;13,6;87,158;150;;non_electrified;;
;;68ef999b-1df7-4c54-a46c-0e8de4b5a0eb;00:15:11;1790482511,1;13,609;86,4;150;;non_electrified;;
;;68ef999b-1df7-4c54-a46c-0e8de4b5a0eb;00:15:19;1790482519,1;13,782;69,12;150;;non_electrified;;
;;68ef999b-1df7-4c54-a46c-0e8de4b5a0eb;00:15:25;1790482525,1;13,887;56,16;150;;non_electrified;;
;;68ef999b-1df7-4c54-a46c-0e8de4b5a0eb;00:15:31;1790482531,1;13,969;43,2;150;;non_electrified;;
;;68ef999b-1df7-4c54-a46c-0e8de4b5a0eb;00:15:35;1790482535,1;14,013;34,56;150;;non_electrified;;
;;68ef999b-1df7-4c54-a46c-0e8de4b5a0eb;00:15:39;1790482539,1;14,046;25,92;150;;non_electrified;;
;;68ef999b-1df7-4c54-a46c-0e8de4b5a0eb;00:15:43;1790482543,1;14,07;17,28;150;;non_electrified;;
;;68ef999b-1df7-4c54-a46c-0e8de4b5a0eb;00:15:45;1790482545,1;14,079;12,96;150;;non_electrified;;
;;68ef999b-1df7-4c54-a46c-0e8de4b5a0eb;00:15:47;1790482547,1;14,085;8,64;150;;non_electrified;;
;;68ef999b-1df7-4c54-a46c-0e8de4b5a0eb;00:15:49;1790482549,1;14,088;4,32;150;;non_electrified;;
;;68ef999b-1df7-4c54-a46c-0e8de4b5a0eb;00:15:51;1790482551,1;14,089;0;150;;non_electrified;;
;;68ef999b-1df7-4c54-a46c-0e8de4b5a0eb;00:16:51;1790482611,1;14,089;0;150;;non_electrified;;
Burlington;BV;9e1b8e8d-0f9c-43ef-afc7-81477ea25bfe;00:15:51;1790482551,1;14,089;0;150;;non_electrified;;
;;9e1b8e8d-0f9c-43ef-afc7-81477ea25bfe;00:16:53;1790482613,1;14,09;2,785;150;;non_electrified;;
;;9e1b8e8d-0f9c-43ef-afc7-81477ea25bfe;00:16:55;1790482615,1;14,093;5,569;150;;non_electrified;;
;;9e1b8e8d-0f9c-43ef-afc7-81477ea25bfe;00:16:59;1790482619,1;14,102;11,132;150;;non_electrified;;
;;9e1b8e8d-0f9c-43ef-afc7-81477ea25bfe;00:17:03;1790482623,1;14,117;16,689;150;;non_electrified;;
;;9e1b8e8d-0f9c-43ef-afc7-81477ea25bfe;00:17:09;1790482629,1;14,152;25,012;150;;non_electrified;;
;;9e1b8e8d-0f9c-43ef-afc7-81477ea25bfe;00:17:15;1790482635,1;14,201;33,29;150;;non_electrified;;
;;9e1b8e8d-0f9c-43ef-afc7-81477ea25bfe;00:17:19;1790482639,1;14,241;38,489;150;;non_electrified;;
;;9e1b8e8d-0f9c-43ef-afc7-81477ea25bfe;00:17:27;1790482647,1;14,336;47,252;150;;non_electrified;;
Burlington;BV;59e44649-7c22-47ec-b195-2cd8a41a2396;00:17:31;1790482651,5;14,399;51,15;150;;non_electrified;;
;;59e44649-7c22-47ec-b195-2cd8a41a2396;00:17:37;1790482657,1;14,48;56,255;150;;non_electrified;;
;;59e44649-7c22-47ec-b195-2cd8a41a2396;00:17:47;1790482667,1;14,647;63,917;150;;non_electrified;;
;;59e44649-7c22-47ec-b195-2cd8a41a2396;00:17:59;1790482679,1;14,874;71,931;150;;non_electrified;;
;;59e44649-7c22-47ec-b195-2cd8a41a2396;00:18:11;1790482691,1;15,126;79,017;150;;non_electrified;;
;;59e44649-7c22-47ec-b195-2cd8a41a2396;00:18:25;1790482705,1;15,448;86,41;150;;non_electrified;;
;;59e44649-7c22-47ec-b195-2cd8a41a2396;00:18:39;1790482719,1;15,797;93,07;150;;non_electrified;;
;;59e44649-7c22-47ec-b195-2cd8a41a2396;00:19:11;1790482751,1;16,685;106,243;150;;non_electrified;;
;;59e44649-7c22-47ec-b195-2cd8a41a2396;00:19:47;1790482787,1;17,811;118,581;150;;non_electrified;;
;;59e44649-7c22-47ec-b195-2cd8a41a2396;00:20:25;1790482825,4;19,131;129,618;150;;non_electrified;;
;;59e44649-7c22-47ec-b195-2cd8a41a2396;00:20:33;1790482833,4;19,4;112,32;150;;non_electrified;;
;;59e44649-7c22-47ec-b195-2cd8a41a2396;00:20:41;1790482841,4;19,63;95,04;150;;non_electrified;;
;;59e44649-7c22-47ec-b195-2cd8a41a2396;00:20:49;1790482849,4;19,822;77,76;150;;non_electrified;;
Appleby;BV;ae81cfaa-1d5b-4a85-9986-ab43cbe37476;00:20:53;1790482853,5;19,901;68,924;150;;non_electrified;;
;;ae81cfaa-1d5b-4a85-9986-ab43cbe37476;00:20:57;1790482857,4;19,976;60,48;150;;non_electrified;;
;;ae81cfaa-1d5b-4a85-9986-ab43cbe37476;00:21:01;1790482861,4;20,038;51,84;150;;non_electrified;;
;;ae81cfaa-1d5b-4a85-9986-ab43cbe37476;00:21:05;1790482865,4;20,091;43,2;150;;non_electrified;;
;;ae81cfaa-1d5b-4a85-9986-ab43cbe37476;00:21:09;1790482869,4;20,134;34,56;150;;non_electrified;;
;;ae81cfaa-1d5b-4a85-9986-ab43cbe37476;00:21:13;1790482873,4;20,168;25,92;150;;non_electrified;;
;;ae81cfaa-1d5b-4a85-9986-ab43cbe37476;00:21:17;1790482877,4;20,192;17,28;150;;non_electrified;;
;;ae81cfaa-1d5b-4a85-9986-ab43cbe37476;00:21:19;1790482879,4;20,2;12,96;150;;non_electrified;;
;;ae81cfaa-1d5b-4a85-9986-ab43cbe37476;00:21:21;1790482881,4;20,206;8,64;150;;non_electrified;;
;;ae81cfaa-1d5b-4a85-9986-ab43cbe37476;00:21:23;1790482883,4;20,21;4,32;150;;non_electrified;;
;;ae81cfaa-1d5b-4a85-9986-ab43cbe37476;00:21:25;1790482885,4;20,211;0;150;;non_electrified;;
;;ae81cfaa-1d5b-4a85-9986-ab43cbe37476;00:22:25;1790482945,4;20,211;0;150;;non_electrified;;
Appleby;BV;b3949fae-45c9-4293-9d09-c56f8e8fcadb;00:21:25;1790482885,4;20,211;0;150;;non_electrified;;
;;b3949fae-45c9-4293-9d09-c56f8e8fcadb;00:22:27;1790482947,4;20,212;2,785;150;;non_electrified;;
;;b3949fae-45c9-4293-9d09-c56f8e8fcadb;00:22:29;1790482949,4;20,214;5,569;150;;non_electrified;;
;;b3949fae-45c9-4293-9d09-c56f8e8fcadb;00:22:33;1790482953,4;20,224;11,132;150;;non_electrified;;
;;b3949fae-45c9-4293-9d09-c56f8e8fcadb;00:22:37;1790482957,4;20,239;16,689;150;;non_electrified;;
;;b3949fae-45c9-4293-9d09-c56f8e8fcadb;00:22:43;1790482963,4;20,274;25,012;150;;non_electrified;;
;;b3949fae-45c9-4293-9d09-c56f8e8fcadb;00:22:51;1790482971,4;20,342;35,96;150;;non_electrified;;
;;b3949fae-45c9-4293-9d09-c56f8e8fcadb;00:22:59;1790482979,4;20,432;45,225;150;;non_electrified;;
;;b3949fae-45c9-4293-9d09-c56f8e8fcadb;00:23:07;1790482987,4;20,541;52,85;150;;non_electrified;;
;;b3949fae-45c9-4293-9d09-c56f8e8fcadb;00:23:17;1790482997,4;20,7;60,979;150;;non_electrified;;
;;b3949fae-45c9-4293-9d09-c56f8e8fcadb;00:23:27;1790483007,4;20,879;68,059;150;;non_electrified;;
;;b3949fae-45c9-4293-9d09-c56f8e8fcadb;00:23:37;1790483017,4;21,077;74,382;150;;non_electrified;;
;;b3949fae-45c9-4293-9d09-c56f8e8fcadb;00:23:49;1790483029,4;21,337;81,215;150;;non_electrified;;
;;b3949fae-45c9-4293-9d09-c56f8e8fcadb;00:24:03;1790483043,4;21,667;88,38;150;;non_electrified;;
;;b3949fae-45c9-4293-9d09-c56f8e8fcadb;00:24:31;1790483071,4;22,404;100,783;150;;non_electrified;;
;;b3949fae-45c9-4293-9d09-c56f8e8fcadb;00:25:03;1790483103,4;23,354;112,687;150;;non_electrified;;
;;b3949fae-45c9-4293-9d09-c56f8e8fcadb;00:25:36;1790483136,1;24,426;123,044;150;;non_electrified;;
;;b3949fae-45c9-4293-9d09-c56f8e8fcadb;00:25:43;1790483143,1;24,65;108;150;;non_electrified;;
;;b3949fae-45c9-4293-9d09-c56f8e8fcadb;00:25:51;1790483151,1;24,87;90,72;150;;non_electrified;;
;;b3949fae-45c9-4293-9d09-c56f8e8fcadb;00:25:59;1790483159,1;25,053;73,44;150;;non_electrified;;
Bronte;BV;f4465000-b7a6-4ca7-b26d-873cc3dd54e9;00:26:00;1790483160,9;25,085;69,52;150;;non_electrified;;
;;f4465000-b7a6-4ca7-b26d-873cc3dd54e9;00:26:07;1790483167,1;25,197;56,16;150;;non_electrified;;
;;f4465000-b7a6-4ca7-b26d-873cc3dd54e9;00:26:13;1790483173,1;25,28;43,2;150;;non_electrified;;
;;f4465000-b7a6-4ca7-b26d-873cc3dd54e9;00:26:17;1790483177,1;25,323;34,56;150;;non_electrified;;
;;f4465000-b7a6-4ca7-b26d-873cc3dd54e9;00:26:21;1790483181,1;25,356;25,92;150;;non_electrified;;
;;f4465000-b7a6-4ca7-b26d-873cc3dd54e9;00:26:25;1790483185,1;25,38;17,28;150;;non_electrified;;
;;f4465000-b7a6-4ca7-b26d-873cc3dd54e9;00:26:27;1790483187,1;25,389;12,96;150;;non_electrified;;
;;f4465000-b7a6-4ca7-b26d-873cc3dd54e9;00:26:29;1790483189,1;25,395;8,64;150;;non_electrified;;
;;f4465000-b7a6-4ca7-b26d-873cc3dd54e9;00:26:31;1790483191,1;25,398;4,32;150;;non_electrified;;
;;f4465000-b7a6-4ca7-b26d-873cc3dd54e9;00:26:33;1790483193,1;25,4;0;150;;non_electrified;;
;;f4465000-b7a6-4ca7-b26d-873cc3dd54e9;00:27:33;1790483253,1;25,4;0;150;;non_electrified;;
Bronte;BV;445dff42-c88f-4b60-91a3-7f2ca1c2ff7b;00:26:33;1790483193,1;25,4;0;150;;non_electrified;;
;;445dff42-c88f-4b60-91a3-7f2ca1c2ff7b;00:27:35;1790483255,1;25,4;2,785;150;;non_electrified;;
;;445dff42-c88f-4b60-91a3-7f2ca1c2ff7b;00:27:37;1790483257,1;25,403;5,569;150;;non_electrified;;
;;445dff42-c88f-4b60-91a3-7f2ca1c2ff7b;00:27:41;1790483261,1;25,412;11,132;150;;non_electrified;;
;;445dff42-c88f-4b60-91a3-7f2ca1c2ff7b;00:27:45;1790483265,1;25,427;16,689;150;;non_electrified;;
;;445dff42-c88f-4b60-91a3-7f2ca1c2ff7b;00:27:49;1790483269,1;25,449;22,24;150;;non_electrified;;
;;445dff42-c88f-4b60-91a3-7f2ca1c2ff7b;00:27:57;1790483277,1;25,511;33,29;150;;non_electrified;;
;;445dff42-c88f-4b60-91a3-7f2ca1c2ff7b;00:28:05;1790483285,1;25,596;43,099;150;;non_electrified;;
;;445dff42-c88f-4b60-91a3-7f2ca1c2ff7b;00:28:13;1790483293,1;25,701;51,056;150;;non_electrified;;
;;445dff42-c88f-4b60-91a3-7f2ca1c2ff7b;00:28:23;1790483303,1;25,855;59,45;150;;non_electrified;;
;;445dff42-c88f-4b60-91a3-7f2ca1c2ff7b;00:28:33;1790483313,1;26,03;66,711;150;;non_electrified;;
;;445dff42-c88f-4b60-91a3-7f2ca1c2ff7b;00:28:43;1790483323,1;26,225;73,169;150;;non_electrified;;
;;445dff42-c88f-4b60-91a3-7f2ca1c2ff7b;00:29:07;1790483347,1;26,758;86,41;150;;non_electrified;;
;;445dff42-c88f-4b60-91a3-7f2ca1c2ff7b;00:29:35;1790483375,1;27,481;99,142;150;;non_electrified;;
;;445dff42-c88f-4b60-91a3-7f2ca1c2ff7b;00:30:05;1790483405,1;28,356;110,605;150;;non_electrified;;
;;445dff42-c88f-4b60-91a3-7f2ca1c2ff7b;00:30:24;1790483424,3;28,979;116,868;150;;non_electrified;;
;;445dff42-c88f-4b60-91a3-7f2ca1c2ff7b;00:30:24;1790483424,3;28,979;116,868;129;;non_electrified;;
;;445dff42-c88f-4b60-91a3-7f2ca1c2ff7b;00:30:36;1790483436,8;29,382;120,932;129;;non_electrified;;
;;445dff42-c88f-4b60-91a3-7f2ca1c2ff7b;00:30:36;1790483436,8;29,382;120,932;150;;non_electrified;;
;;445dff42-c88f-4b60-91a3-7f2ca1c2ff7b;00:30:38;1790483438,8;29,446;121,576;150;;non_electrified;;
;;445dff42-c88f-4b60-91a3-7f2ca1c2ff7b;00:30:40;1790483440,5;29,501;117,893;150;;non_electrified;;
;;445dff42-c88f-4b60-91a3-7f2ca1c2ff7b;00:30:40;1790483440,5;29,501;117,893;129;;non_electrified;;
;;445dff42-c88f-4b60-91a3-7f2ca1c2ff7b;00:30:41;1790483441;29,517;116,823;129;;non_electrified;;
;;445dff42-c88f-4b60-91a3-7f2ca1c2ff7b;00:30:41;1790483441;29,517;116,823;150;;non_electrified;;
;;445dff42-c88f-4b60-91a3-7f2ca1c2ff7b;00:30:44;1790483444,7;29,633;108,953;150;;non_electrified;;
;;445dff42-c88f-4b60-91a3-7f2ca1c2ff7b;00:30:44;1790483444,7;29,633;108,953;129;;non_electrified;;
;;445dff42-c88f-4b60-91a3-7f2ca1c2ff7b;00:30:45;1790483445,1;29,647;108;129;;non_electrified;;
;;445dff42-c88f-4b60-91a3-7f2ca1c2ff7b;00:30:53;1790483453,1;29,868;90,72;129;;non_electrified;;
;;445dff42-c88f-4b60-91a3-7f2ca1c2ff7b;00:31:01;1790483461,1;30,05;73,44;129;;non_electrified;;
;;445dff42-c88f-4b60-91a3-7f2ca1c2ff7b;00:31:09;1790483469,1;30,194;56,16;129;;non_electrified;;
;;445dff42-c88f-4b60-91a3-7f2ca1c2ff7b;00:31:15;1790483475,1;30,277;43,2;129;;non_electrified;;
;;445dff42-c88f-4b60-91a3-7f2ca1c2ff7b;00:31:19;1790483479,1;30,32;34,56;129;;non_electrified;;
;;445dff42-c88f-4b60-91a3-7f2ca1c2ff7b;00:31:23;1790483483,1;30,354;25,92;129;;non_electrified;;
;;445dff42-c88f-4b60-91a3-7f2ca1c2ff7b;00:31:27;1790483487,1;30,378;17,28;129;;non_electrified;;
;;445dff42-c88f-4b60-91a3-7f2ca1c2ff7b;00:31:29;1790483489,1;30,386;12,96;129;;non_electrified;;
;;445dff42-c88f-4b60-91a3-7f2ca1c2ff7b;00:31:31;1790483491,1;30,392;8,64;129;;non_electrified;;
;;445dff42-c88f-4b60-91a3-7f2ca1c2ff7b;00:31:33;1790483493,1;30,396;4,32;129;;non_electrified;;
;;445dff42-c88f-4b60-91a3-7f2ca1c2ff7b;00:31:35;1790483495,1;30,397;0;129;;non_electrified;;
;;445dff42-c88f-4b60-91a3-7f2ca1c2ff7b;00:32:35;1790483555,1;30,397;0;129;;non_electrified;;
Oakville;BV;898f9c66-2421-42dd-a682-47edb85e1f1b;00:31:35;1790483495,1;30,397;0;129;;non_electrified;;
;;898f9c66-2421-42dd-a682-47edb85e1f1b;00:32:37;1790483557,1;30,398;2,785;129;;non_electrified;;
;;898f9c66-2421-42dd-a682-47edb85e1f1b;00:32:39;1790483559,1;30,4;5,569;129;;non_electrified;;
;;898f9c66-2421-42dd-a682-47edb85e1f1b;00:32:41;1790483561,1;30,404;8,351;129;;non_electrified;;
;;898f9c66-2421-42dd-a682-47edb85e1f1b;00:32:45;1790483565,1;30,416;13,911;129;;non_electrified;;
;;898f9c66-2421-42dd-a682-47edb85e1f1b;00:32:49;1790483569,1;30,435;19,465;129;;non_electrified;;
;;898f9c66-2421-42dd-a682-47edb85e1f1b;00:32:55;1790483575,1;30,474;27,782;129;;non_electrified;;
;;898f9c66-2421-42dd-a682-47edb85e1f1b;00:33:01;1790483581,1;30,527;35,96;129;;non_electrified;;
;;898f9c66-2421-42dd-a682-47edb85e1f1b;00:33:05;1790483585,1;30,57;40,86;129;;non_electrified;;
;;898f9c66-2421-42dd-a682-47edb85e1f1b;00:33:15;1790483595,1;30,698;51,056;129;;non_electrified;;
;;898f9c66-2421-42dd-a682-47edb85e1f1b;00:33:27;1790483607,1;30,885;60,979;129;;non_electrified;;
;;898f9c66-2421-42dd-a682-47edb85e1f1b;00:33:39;1790483619,1;31,103;69,377;129;;non_electrified;;
;;898f9c66-2421-42dd-a682-47edb85e1f1b;00:33:53;1790483633,1;31,39;77,89;129;;non_electrified;;
;;898f9c66-2421-42dd-a682-47edb85e1f1b;00:33:57;1790483637,8;31,496;80,377;129;;non_electrified;;
;;898f9c66-2421-42dd-a682-47edb85e1f1b;00:33:57;1790483637,8;31,496;80,377;150;;non_electrified;;
;;898f9c66-2421-42dd-a682-47edb85e1f1b;00:34:09;1790483649,1;31,755;86,41;150;;non_electrified;;
;;898f9c66-2421-42dd-a682-47edb85e1f1b;00:34:25;1790483665,1;32,156;93,971;150;;non_electrified;;
;;898f9c66-2421-42dd-a682-47edb85e1f1b;00:34:43;1790483683,1;32,646;101,59;150;;non_electrified;;
;;898f9c66-2421-42dd-a682-47edb85e1f1b;00:35:21;1790483721,1;33,793;115,37;150;;non_electrified;;
;;898f9c66-2421-42dd-a682-47edb85e1f1b;00:36:03;1790483763,1;35,215;127,936;150;;non_electrified;;
;;898f9c66-2421-42dd-a682-47edb85e1f1b;00:36:49;1790483810;36,958;139,567;150;;non_electrified;;
;;898f9c66-2421-42dd-a682-47edb85e1f1b;00:36:58;1790483818,6;37,27;120,96;150;;non_electrified;;
;;898f9c66-2421-42dd-a682-47edb85e1f1b;00:37:06;1790483826,6;37,52;103,68;150;;non_electrified;;
;;898f9c66-2421-42dd-a682-47edb85e1f1b;00:37:16;1790483836,6;37,778;82,08;150;;non_electrified;;
Clarkson;BV;dc490ba6-124a-4b60-a22c-ddab72bb56ee;00:37:22;1790483842,1;37,891;70,101;150;;non_electrified;;
;;dc490ba6-124a-4b60-a22c-ddab72bb56ee;00:37:24;1790483844,6;37,941;64,8;150;;non_electrified;;
;;dc490ba6-124a-4b60-a22c-ddab72bb56ee;00:37:32;1790483852,6;38,066;47,52;150;;non_electrified;;
;;dc490ba6-124a-4b60-a22c-ddab72bb56ee;00:37:36;1790483856,6;38,114;38,88;150;;non_electrified;;
;;dc490ba6-124a-4b60-a22c-ddab72bb56ee;00:37:40;1790483860,6;38,152;30,24;150;;non_electrified;;
;;dc490ba6-124a-4b60-a22c-ddab72bb56ee;00:37:44;1790483864,6;38,181;21,6;150;;non_electrified;;
;;dc490ba6-124a-4b60-a22c-ddab72bb56ee;00:37:48;1790483868,6;38,2;12,96;150;;non_electrified;;
;;dc490ba6-124a-4b60-a22c-ddab72bb56ee;00:37:50;1790483870,6;38,206;8,64;150;;non_electrified;;
;;dc490ba6-124a-4b60-a22c-ddab72bb56ee;00:37:52;1790483872,6;38,21;4,32;150;;non_electrified;;
;;dc490ba6-124a-4b60-a22c-ddab72bb56ee;00:37:54;1790483874,6;38,211;0;150;;non_electrified;;
;;dc490ba6-124a-4b60-a22c-ddab72bb56ee;00:38:54;1790483934,6;38,211;0;150;;non_electrified;;
Clarkson;BV;fa532225-1736-411a-b3c9-8c3715d4536c;00:37:54;1790483874,6;38,211;0;150;;non_electrified;;
;;fa532225-1736-411a-b3c9-8c3715d4536c;00:38:56;1790483936,6;38,212;2,785;150;;non_electrified;;
;;fa532225-1736-411a-b3c9-8c3715d4536c;00:38:58;1790483938,6;38,214;5,569;150;;non_electrified;;
;;fa532225-1736-411a-b3c9-8c3715d4536c;00:39:02;1790483942,6;38,223;11,132;150;;non_electrified;;
;;fa532225-1736-411a-b3c9-8c3715d4536c;00:39:06;1790483946,6;38,239;16,689;150;;non_electrified;;
;;fa532225-1736-411a-b3c9-8c3715d4536c;00:39:12;1790483952,6;38,273;25,012;150;;non_electrified;;
;;fa532225-1736-411a-b3c9-8c3715d4536c;00:39:18;1790483958,6;38,322;33,29;150;;non_electrified;;
;;fa532225-1736-411a-b3c9-8c3715d4536c;00:39:22;1790483962,6;38,362;38,489;150;;non_electrified;;
;;fa532225-1736-411a-b3c9-8c3715d4536c;00:39:30;1790483970,6;38,458;47,252;150;;non_electrified;;
;;fa532225-1736-411a-b3c9-8c3715d4536c;00:39:40;1790483980,6;38,602;56,255;150;;non_electrified;;
;;fa532225-1736-411a-b3c9-8c3715d4536c;00:39:50;1790483990,6;38,769;63,917;150;;non_electrified;;
;;fa532225-1736-411a-b3c9-8c3715d4536c;00:40:02;1790484002,6;38,996;71,931;150;;non_electrified;;
;;fa532225-1736-411a-b3c9-8c3715d4536c;00:40:14;1790484014,6;39,247;79,017;150;;non_electrified;;
;;fa532225-1736-411a-b3c9-8c3715d4536c;00:40:28;1790484028,6;39,569;86,41;150;;non_electrified;;
;;fa532225-1736-411a-b3c9-8c3715d4536c;00:40:44;1790484044,6;39,97;93,971;150;;non_electrified;;
;;fa532225-1736-411a-b3c9-8c3715d4536c;00:41:16;1790484076,6;40,865;106,989;150;;non_electrified;;
;;fa532225-1736-411a-b3c9-8c3715d4536c;00:41:52;1790484112,6;41,998;119,206;150;;non_electrified;;
;;fa532225-1736-411a-b3c9-8c3715d4536c;00:42:29;1790484149,5;43,276;129,79;150;;non_electrified;;
;;fa532225-1736-411a-b3c9-8c3715d4536c;00:42:37;1790484157,6;43,548;112,32;150;;non_electrified;;
;;fa532225-1736-411a-b3c9-8c3715d4536c;00:42:42;1790484162,5;43,688;101,809;150;;non_electrified;;
;;fa532225-1736-411a-b3c9-8c3715d4536c;00:42:42;1790484162,5;43,688;101,809;137;;non_electrified;;
;;fa532225-1736-411a-b3c9-8c3715d4536c;00:42:45;1790484165,6;43,778;95,04;137;;non_electrified;;
;;fa532225-1736-411a-b3c9-8c3715d4536c;00:42:53;1790484173,6;43,97;77,76;137;;non_electrified;;
Port Credit;BV;987307ef-c47a-4fcd-999e-5be6a4974f8b;00:42:56;1790484176,7;44,029;71,11;137;;non_electrified;;
;;987307ef-c47a-4fcd-999e-5be6a4974f8b;00:43:01;1790484181,6;44,124;60,48;137;;non_electrified;;
;;987307ef-c47a-4fcd-999e-5be6a4974f8b;00:43:05;1790484185,6;44,186;51,84;137;;non_electrified;;
;;987307ef-c47a-4fcd-999e-5be6a4974f8b;00:43:09;1790484189,6;44,239;43,2;137;;non_electrified;;
;;987307ef-c47a-4fcd-999e-5be6a4974f8b;00:43:13;1790484193,6;44,282;34,56;137;;non_electrified;;
;;987307ef-c47a-4fcd-999e-5be6a4974f8b;00:43:17;1790484197,6;44,316;25,92;137;;non_electrified;;
;;987307ef-c47a-4fcd-999e-5be6a4974f8b;00:43:21;1790484201,6;44,34;17,28;137;;non_electrified;;
;;987307ef-c47a-4fcd-999e-5be6a4974f8b;00:43:23;1790484203,6;44,348;12,96;137;;non_electrified;;
;;987307ef-c47a-4fcd-999e-5be6a4974f8b;00:43:25;1790484205,6;44,354;8,64;137;;non_electrified;;
;;987307ef-c47a-4fcd-999e-5be6a4974f8b;00:43:27;1790484207,6;44,358;4,32;137;;non_electrified;;
;;987307ef-c47a-4fcd-999e-5be6a4974f8b;00:43:29;1790484209,6;44,359;0;137;;non_electrified;;
;;987307ef-c47a-4fcd-999e-5be6a4974f8b;00:44:29;1790484269,6;44,359;0;137;;non_electrified;;
Port Credit;BV;7656e1c6-e932-4630-95a9-491cb0beca10;00:43:29;1790484209,6;44,359;0;137;;non_electrified;;
;;7656e1c6-e932-4630-95a9-491cb0beca10;00:44:31;1790484271,6;44,36;2,785;137;;non_electrified;;
;;7656e1c6-e932-4630-95a9-491cb0beca10;00:44:33;1790484273,6;44,362;5,569;137;;non_electrified;;
;;7656e1c6-e932-4630-95a9-491cb0beca10;00:44:35;1790484275,6;44,366;8,351;137;;non_electrified;;
;;7656e1c6-e932-4630-95a9-491cb0beca10;00:44:39;1790484279,6;44,378;13,911;137;;non_electrified;;
;;7656e1c6-e932-4630-95a9-491cb0beca10;00:44:43;1790484283,6;44,397;19,465;137;;non_electrified;;
;;7656e1c6-e932-4630-95a9-491cb0beca10;00:44:49;1790484289,6;44,436;27,782;137;;non_electrified;;
;;7656e1c6-e932-4630-95a9-491cb0beca10;00:44:55;1790484295,6;44,489;35,96;137;;non_electrified;;
;;7656e1c6-e932-4630-95a9-491cb0beca10;00:44:57;1790484297;44,505;37,692;137;;non_electrified;;
;;7656e1c6-e932-4630-95a9-491cb0beca10;00:44:57;1790484297;44,505;37,692;150;;non_electrified;;
;;7656e1c6-e932-4630-95a9-491cb0beca10;00:44:59;1790484299,6;44,532;40,86;150;;non_electrified;;
;;7656e1c6-e932-4630-95a9-491cb0beca10;00:45:05;1790484305,6;44,606;47,252;150;;non_electrified;;
;;7656e1c6-e932-4630-95a9-491cb0beca10;00:45:17;1790484317,6;44,782;57,876;150;;non_electrified;;
;;7656e1c6-e932-4630-95a9-491cb0beca10;00:45:33;1790484333,6;45,065;69,377;150;;non_electrified;;
;;7656e1c6-e932-4630-95a9-491cb0beca10;00:45:49;1790484349,6;45,396;79,017;150;;non_electrified;;
;;7656e1c6-e932-4630-95a9-491cb0beca10;00:46:07;1790484367,6;45,815;88,38;150;;non_electrified;;
;;7656e1c6-e932-4630-95a9-491cb0beca10;00:46:13;1790484374;45,979;91,276;150;;non_electrified;;
;;7656e1c6-e932-4630-95a9-491cb0beca10;00:46:13;1790484374;45,979;91,276;129;;non_electrified;;
;;7656e1c6-e932-4630-95a9-491cb0beca10;00:46:27;1790484387,6;46,331;97,46;129;;non_electrified;;
;;7656e1c6-e932-4630-95a9-491cb0beca10;00:46:35;1790484395,9;46,572;100,708;129;;non_electrified;;
;;7656e1c6-e932-4630-95a9-491cb0beca10;00:46:35;1790484395,9;46,572;100,708;150;;non_electrified;;
;;7656e1c6-e932-4630-95a9-491cb0beca10;00:46:59;1790484419,6;47,255;109,897;150;;non_electrified;;
;;7656e1c6-e932-4630-95a9-491cb0beca10;00:47:35;1790484455,5;48,411;121,622;150;;non_electrified;;
;;7656e1c6-e932-4630-95a9-491cb0beca10;00:47:41;1790484461,8;48,612;108;150;;non_electrified;;
;;7656e1c6-e932-4630-95a9-491cb0beca10;00:47:49;1790484469,8;48,833;90,72;150;;non_electrified;;
;;7656e1c6-e932-4630-95a9-491cb0beca10;00:47:55;1790484475,8;48,973;77,76;150;;non_electrified;;
;;7656e1c6-e932-4630-95a9-491cb0beca10;00:48:03;1790484483,8;49,127;60,48;150;;non_electrified;;
;;7656e1c6-e932-4630-95a9-491cb0beca10;00:48:09;1790484489,8;49,217;47,52;150;;non_electrified;;
;;7656e1c6-e932-4630-95a9-491cb0beca10;00:48:13;1790484493,8;49,265;38,88;150;;non_electrified;;
;;7656e1c6-e932-4630-95a9-491cb0beca10;00:48:17;1790484497,8;49,303;30,24;150;;non_electrified;;
;;7656e1c6-e932-4630-95a9-491cb0beca10;00:48:21;1790484501,8;49,332;21,6;150;;non_electrified;;
;;7656e1c6-e932-4630-95a9-491cb0beca10;00:48:25;1790484505,8;49,351;12,96;150;;non_electrified;;
;;7656e1c6-e932-4630-95a9-491cb0beca10;00:48:27;1790484507,8;49,357;8,64;150;;non_electrified;;
;;7656e1c6-e932-4630-95a9-491cb0beca10;00:48:29;1790484509,8;49,361;4,32;150;;non_electrified;;
;;7656e1c6-e932-4630-95a9-491cb0beca10;00:48:31;1790484511,8;49,362;0;150;;non_electrified;;
;;7656e1c6-e932-4630-95a9-491cb0beca10;00:49:31;1790484571,8;49,362;0;150;;non_electrified;;
Long Branch;BV;b007d555-59b8-4094-9ad9-b49d80bd8efe;00:48:31;1790484511,8;49,362;0;150;;non_electrified;;
;;b007d555-59b8-4094-9ad9-b49d80bd8efe;00:49:33;1790484573,8;49,363;2,785;150;;non_electrified;;
;;b007d555-59b8-4094-9ad9-b49d80bd8efe;00:49:35;1790484575,8;49,365;5,569;150;;non_electrified;;
;;b007d555-59b8-4094-9ad9-b49d80bd8efe;00:49:39;1790484579,8;49,374;11,132;150;;non_electrified;;
;;b007d555-59b8-4094-9ad9-b49d80bd8efe;00:49:43;1790484583,8;49,39;16,689;150;;non_electrified;;
;;b007d555-59b8-4094-9ad9-b49d80bd8efe;00:49:49;1790484589,8;49,425;25,012;150;;non_electrified;;
;;b007d555-59b8-4094-9ad9-b49d80bd8efe;00:49:53;1790484593,8;49,456;30,546;150;;non_electrified;;
;;b007d555-59b8-4094-9ad9-b49d80bd8efe;00:50:01;1790484601,8;49,535;40,86;150;;non_electrified;;
;;b007d555-59b8-4094-9ad9-b49d80bd8efe;00:50:09;1790484609,8;49,636;49,193;150;;non_electrified;;
Long Branch;BV;05a6ffa4-a8d0-466e-83b8-3fb87b9592ab;00:50:12;1790484612,9;49,682;51,873;150;;non_electrified;;
;;05a6ffa4-a8d0-466e-83b8-3fb87b9592ab;00:50:19;1790484619,8;49,785;57,876;150;;non_electrified;;
;;05a6ffa4-a8d0-466e-83b8-3fb87b9592ab;00:50:29;1790484629,8;49,956;65,331;150;;non_electrified;;
;;05a6ffa4-a8d0-466e-83b8-3fb87b9592ab;00:50:39;1790484639,8;50,147;71,931;150;;non_electrified;;
;;05a6ffa4-a8d0-466e-83b8-3fb87b9592ab;00:50:51;1790484651,8;50,399;79,017;150;;non_electrified;;
;;05a6ffa4-a8d0-466e-83b8-3fb87b9592ab;00:51:05;1790484665,8;50,721;86,41;150;;non_electrified;;
;;05a6ffa4-a8d0-466e-83b8-3fb87b9592ab;00:51:33;1790484693,8;51,444;99,142;150;;non_electrified;;
;;05a6ffa4-a8d0-466e-83b8-3fb87b9592ab;00:52:05;1790484725,8;52,381;111,306;150;;non_electrified;;
;;05a6ffa4-a8d0-466e-83b8-3fb87b9592ab;00:52:40;1790484760,8;53,519;122,544;150;;non_electrified;;
;;05a6ffa4-a8d0-466e-83b8-3fb87b9592ab;00:52:47;1790484767,6;53,735;108;150;;non_electrified;;
;;05a6ffa4-a8d0-466e-83b8-3fb87b9592ab;00:52:55;1790484775,6;53,955;90,72;150;;non_electrified;;
;;05a6ffa4-a8d0-466e-83b8-3fb87b9592ab;00:53:00;1790484780,3;54,064;80,442;150;;non_electrified;;
;;05a6ffa4-a8d0-466e-83b8-3fb87b9592ab;00:53:00;1790484780,3;54,064;80,442;121;;non_electrified;;
;;05a6ffa4-a8d0-466e-83b8-3fb87b9592ab;00:53:03;1790484783,6;54,138;73,44;121;;non_electrified;;
;;05a6ffa4-a8d0-466e-83b8-3fb87b9592ab;00:53:11;1790484791,6;54,282;56,16;121;;non_electrified;;
;;05a6ffa4-a8d0-466e-83b8-3fb87b9592ab;00:53:15;1790484795,6;54,339;47,52;121;;non_electrified;;
;;05a6ffa4-a8d0-466e-83b8-3fb87b9592ab;00:53:19;1790484799,6;54,387;38,88;121;;non_electrified;;
;;05a6ffa4-a8d0-466e-83b8-3fb87b9592ab;00:53:25;1790484805,6;54,441;25,92;121;;non_electrified;;
;;05a6ffa4-a8d0-466e-83b8-3fb87b9592ab;00:53:29;1790484809,6;54,465;17,28;121;;non_electrified;;
;;05a6ffa4-a8d0-466e-83b8-3fb87b9592ab;00:53:31;1790484811,6;54,474;12,96;121;;non_electrified;;
;;05a6ffa4-a8d0-466e-83b8-3fb87b9592ab;00:53:33;1790484813,6;54,48;8,64;121;;non_electrified;;
;;05a6ffa4-a8d0-466e-83b8-3fb87b9592ab;00:53:35;1790484815,6;54,483;4,32;121;;non_electrified;;
;;05a6ffa4-a8d0-466e-83b8-3fb87b9592ab;00:53:37;1790484817,6;54,485;0;121;;non_electrified;;
;;05a6ffa4-a8d0-466e-83b8-3fb87b9592ab;00:54:37;1790484877,6;54,485;0;121;;non_electrified;;
Mimico;BV;73fb7cad-fd77-442d-aac6-b0936509eba7;00:53:37;1790484817,6;54,485;0;121;;non_electrified;;
;;73fb7cad-fd77-442d-aac6-b0936509eba7;00:54:39;1790484879,6;54,485;2,785;121;;non_electrified;;
;;73fb7cad-fd77-442d-aac6-b0936509eba7;00:54:41;1790484881,6;54,488;5,569;121;;non_electrified;;
;;73fb7cad-fd77-442d-aac6-b0936509eba7;00:54:45;1790484885,6;54,497;11,132;121;;non_electrified;;
;;73fb7cad-fd77-442d-aac6-b0936509eba7;00:54:49;1790484889,6;54,513;16,689;121;;non_electrified;;
;;73fb7cad-fd77-442d-aac6-b0936509eba7;00:54:55;1790484895,6;54,547;25,012;121;;non_electrified;;
;;73fb7cad-fd77-442d-aac6-b0936509eba7;00:55:00;1790484900,3;54,586;31,537;121;;non_electrified;;
;;73fb7cad-fd77-442d-aac6-b0936509eba7;00:55:00;1790484900,3;54,586;31,537;129;;non_electrified;;
;;73fb7cad-fd77-442d-aac6-b0936509eba7;00:55:01;1790484901,6;54,596;33,29;129;;non_electrified;;
;;73fb7cad-fd77-442d-aac6-b0936509eba7;00:55:05;1790484905,6;54,636;38,489;129;;non_electrified;;
;;73fb7cad-fd77-442d-aac6-b0936509eba7;00:55:13;1790484913,6;54,731;47,252;129;;non_electrified;;
;;73fb7cad-fd77-442d-aac6-b0936509eba7;00:55:23;1790484923,6;54,876;56,255;129;;non_electrified;;
;;73fb7cad-fd77-442d-aac6-b0936509eba7;00:55:33;1790484933,6;55,043;63,917;129;;non_electrified;;
;;73fb7cad-fd77-442d-aac6-b0936509eba7;00:55:45;1790484945,6;55,269;71,931;129;;non_electrified;;
;;73fb7cad-fd77-442d-aac6-b0936509eba7;00:55:57;1790484957,6;55,521;79,017;129;;non_electrified;;
;;73fb7cad-fd77-442d-aac6-b0936509eba7;00:56:11;1790484971,6;55,843;86,41;129;;non_electrified;;
;;73fb7cad-fd77-442d-aac6-b0936509eba7;00:56:24;1790484984,6;56,17;92,578;129;;non_electrified;;
;;73fb7cad-fd77-442d-aac6-b0936509eba7;00:56:24;1790484984,6;56,17;92,578;150;;non_electrified;;
;;73fb7cad-fd77-442d-aac6-b0936509eba7;00:56:27;1790484987,6;56,244;93,971;150;;non_electrified;;
;;73fb7cad-fd77-442d-aac6-b0936509eba7;00:56:29;1790484989,1;56,288;94,605;150;;non_electrified;;
;;73fb7cad-fd77-442d-aac6-b0936509eba7;00:56:29;1790484989,1;56,288;94,605;129;;non_electrified;;
;;73fb7cad-fd77-442d-aac6-b0936509eba7;00:56:59;1790485019,6;57,139;106,989;129;;non_electrified;;
;;73fb7cad-fd77-442d-aac6-b0936509eba7;00:57:37;1790485057,6;58,338;119,825;129;;non_electrified;;
;;73fb7cad-fd77-442d-aac6-b0936509eba7;00:58:10;1790485090,8;59,489;128,747;129;;non_electrified;;
;;73fb7cad-fd77-442d-aac6-b0936509eba7;00:58:18;1790485098,2;59,738;112,655;129;;non_electrified;;
;;73fb7cad-fd77-442d-aac6-b0936509eba7;00:58:21;1790485101,4;59,838;112,655;129;;non_electrified;;
;;73fb7cad-fd77-442d-aac6-b0936509eba7;00:58:21;1790485101,4;59,838;112,655;113;;non_electrified;;
;;73fb7cad-fd77-442d-aac6-b0936509eba7;00:58:47;1790485127,1;60,642;112,655;113;;non_electrified;;
;;73fb7cad-fd77-442d-aac6-b0936509eba7;00:58:57;1790485137,4;60,934;90,295;113;;non_electrified;;
;;73fb7cad-fd77-442d-aac6-b0936509eba7;00:59:03;1790485143,4;61,073;77,335;113;;non_electrified;;
;;73fb7cad-fd77-442d-aac6-b0936509eba7;00:59:08;1790485148,6;61,175;66,141;113;;non_electrified;;
;;73fb7cad-fd77-442d-aac6-b0936509eba7;00:59:08;1790485148,6;61,175;66,141;150;;non_electrified;;
;;73fb7cad-fd77-442d-aac6-b0936509eba7;00:59:09;1790485149,4;61,191;64,375;150;;non_electrified;;
;;73fb7cad-fd77-442d-aac6-b0936509eba7;00:59:15;1790485155;61,291;64,375;150;;non_electrified;;
;;73fb7cad-fd77-442d-aac6-b0936509eba7;00:59:15;1790485155;61,291;64,375;64;;non_electrified;;
;;73fb7cad-fd77-442d-aac6-b0936509eba7;00:59:23;1790485163;61,434;64,375;64;;non_electrified;;
;;73fb7cad-fd77-442d-aac6-b0936509eba7;00:59:30;1790485170,8;61,556;47,52;64;;non_electrified;;
;;73fb7cad-fd77-442d-aac6-b0936509eba7;00:59:34;1790485174,8;61,604;38,88;64;;non_electrified;;
;;73fb7cad-fd77-442d-aac6-b0936509eba7;00:59:38;1790485178,8;61,642;30,24;64;;non_electrified;;
;;73fb7cad-fd77-442d-aac6-b0936509eba7;00:59:42;1790485182,8;61,671;21,6;64;;non_electrified;;
;;73fb7cad-fd77-442d-aac6-b0936509eba7;00:59:46;1790485186,8;61,69;12,96;64;;non_electrified;;
;;73fb7cad-fd77-442d-aac6-b0936509eba7;00:59:48;1790485188,8;61,696;8,64;64;;non_electrified;;
;;73fb7cad-fd77-442d-aac6-b0936509eba7;00:59:50;1790485190,8;61,7;4,32;64;;non_electrified;;
;;73fb7cad-fd77-442d-aac6-b0936509eba7;00:59:52;1790485192,8;61,701;0;64;;non_electrified;;
;;73fb7cad-fd77-442d-aac6-b0936509eba7;01:00:52;1790485252,8;61,701;0;64;;non_electrified;;
Exhibition;BV;77ca9a4b-0a27-47d0-9acf-c27c3b7d3805;00:59:52;1790485192,8;61,701;0;64;;non_electrified;;
;;77ca9a4b-0a27-47d0-9acf-c27c3b7d3805;01:00:54;1790485254,8;61,702;2,785;64;;non_electrified;;
;;77ca9a4b-0a27-47d0-9acf-c27c3b7d3805;01:00:56;1790485256,8;61,704;5,569;64;;non_electrified;;
;;77ca9a4b-0a27-47d0-9acf-c27c3b7d3805;01:01:00;1790485260,8;61,713;11,132;64;;non_electrified;;
;;77ca9a4b-0a27-47d0-9acf-c27c3b7d3805;01:01:04;1790485264,8;61,729;16,689;64;;non_electrified;;
;;77ca9a4b-0a27-47d0-9acf-c27c3b7d3805;01:01:08;1790485268,8;61,75;22,24;64;;non_electrified;;
;;77ca9a4b-0a27-47d0-9acf-c27c3b7d3805;01:01:14;1790485274,8;61,794;30,546;64;;non_electrified;;
;;77ca9a4b-0a27-47d0-9acf-c27c3b7d3805;01:01:20;1790485280,8;61,852;38,489;64;;non_electrified;;
;;77ca9a4b-0a27-47d0-9acf-c27c3b7d3805;01:01:26;1790485286,8;61,922;45,225;64;;non_electrified;;
;;77ca9a4b-0a27-47d0-9acf-c27c3b7d3805;01:01:37;1790485297,8;62,078;55,357;64;;non_electrified;;
;;77ca9a4b-0a27-47d0-9acf-c27c3b7d3805;01:01:37;1790485297,8;62,078;55,357;97;;non_electrified;;
;;77ca9a4b-0a27-47d0-9acf-c27c3b7d3805;01:01:38;1790485298,8;62,092;56,255;97;;non_electrified;;
;;77ca9a4b-0a27-47d0-9acf-c27c3b7d3805;01:01:40;1790485300,5;62,12;57,539;97;;non_electrified;;
;;77ca9a4b-0a27-47d0-9acf-c27c3b7d3805;01:01:40;1790485300,5;62,12;57,539;150;;non_electrified;;
;;77ca9a4b-0a27-47d0-9acf-c27c3b7d3805;01:01:49;1790485309,5;62,27;64,375;150;;non_electrified;;
;;77ca9a4b-0a27-47d0-9acf-c27c3b7d3805;01:01:49;1790485309,6;62,272;64,375;150;;non_electrified;;
;;77ca9a4b-0a27-47d0-9acf-c27c3b7d3805;01:01:49;1790485309,6;62,272;64,375;97;;non_electrified;;
;;77ca9a4b-0a27-47d0-9acf-c27c3b7d3805;01:02:00;1790485320,1;62,461;64,375;97;;non_electrified;;
;;77ca9a4b-0a27-47d0-9acf-c27c3b7d3805;01:02:06;1790485326,8;62,588;68,81;97;;non_electrified;;
;;77ca9a4b-0a27-47d0-9acf-c27c3b7d3805;01:02:06;1790485326,8;62,588;68,81;150;;non_electrified;;
;;77ca9a4b-0a27-47d0-9acf-c27c3b7d3805;01:02:10;1790485330,6;62,66;71,315;150;;non_electrified;;
;;77ca9a4b-0a27-47d0-9acf-c27c3b7d3805;01:02:10;1790485330,6;62,66;71,315;97;;non_electrified;;
;;77ca9a4b-0a27-47d0-9acf-c27c3b7d3805;01:02:12;1790485332,1;62,689;72,331;97;;non_electrified;;
;;77ca9a4b-0a27-47d0-9acf-c27c3b7d3805;01:02:13;1790485333,7;62,722;73,255;97;;non_electrified;;
;;77ca9a4b-0a27-47d0-9acf-c27c3b7d3805;01:02:13;1790485333,7;62,722;73,255;150;;non_electrified;;
;;77ca9a4b-0a27-47d0-9acf-c27c3b7d3805;01:02:24;1790485344,1;62,942;79,375;150;;non_electrified;;
;;77ca9a4b-0a27-47d0-9acf-c27c3b7d3805;01:02:35;1790485355,7;63,219;85,209;150;;non_electrified;;
;;77ca9a4b-0a27-47d0-9acf-c27c3b7d3805;01:02:35;1790485355,7;63,219;85,209;97;;non_electrified;;
;;77ca9a4b-0a27-47d0-9acf-c27c3b7d3805;01:02:49;1790485369,8;63,557;92,318;97;;non_electrified;;
;;77ca9a4b-0a27-47d0-9acf-c27c3b7d3805;01:02:57;1790485377,4;63,733;75,982;97;;non_electrified;;
;;77ca9a4b-0a27-47d0-9acf-c27c3b7d3805;01:03:05;1790485385,4;63,883;58,702;97;;non_electrified;;
;;77ca9a4b-0a27-47d0-9acf-c27c3b7d3805;01:03:09;1790485389,4;63,943;50,062;97;;non_electrified;;
;;77ca9a4b-0a27-47d0-9acf-c27c3b7d3805;01:03:13;1790485393,4;63,994;41,422;97;;non_electrified;;
;;77ca9a4b-0a27-47d0-9acf-c27c3b7d3805;01:03:17;1790485397,4;64,035;32,782;97;;non_electrified;;
;;77ca9a4b-0a27-47d0-9acf-c27c3b7d3805;01:03:21;1790485401,4;64,067;24,142;97;;non_electrified;;
;;77ca9a4b-0a27-47d0-9acf-c27c3b7d3805;01:03:36;1790485416,3;64,167;24,142;97;;non_electrified;;
;;77ca9a4b-0a27-47d0-9acf-c27c3b7d3805;01:03:36;1790485416,3;64,167;24,142;24;;non_electrified;;
;;77ca9a4b-0a27-47d0-9acf-c27c3b7d3805;01:04:11;1790485451,9;64,406;24,142;24;;non_electrified;;
;;77ca9a4b-0a27-47d0-9acf-c27c3b7d3805;01:04:11;1790485451,9;64,406;24,142;150;;non_electrified;;
;;77ca9a4b-0a27-47d0-9acf-c27c3b7d3805;01:04:15;1790485455,5;64,43;24,142;150;;non_electrified;;
;;77ca9a4b-0a27-47d0-9acf-c27c3b7d3805;01:04:15;1790485455,5;64,43;24,142;24;;non_electrified;;
;;77ca9a4b-0a27-47d0-9acf-c27c3b7d3805;01:04:54;1790485494,5;64,691;24,142;24;;non_electrified;;
;;77ca9a4b-0a27-47d0-9acf-c27c3b7d3805;01:04:58;1790485498,2;64,712;16,092;24;;non_electrified;;
;;77ca9a4b-0a27-47d0-9acf-c27c3b7d3805;01:05:20;1790485520,6;64,812;16,092;24;;non_electrified;;
;;77ca9a4b-0a27-47d0-9acf-c27c3b7d3805;01:05:20;1790485520,6;64,812;16,092;16;;non_electrified;;
;;77ca9a4b-0a27-47d0-9acf-c27c3b7d3805;01:05:56;1790485556,5;64,973;16,092;16;;non_electrified;;
;;77ca9a4b-0a27-47d0-9acf-c27c3b7d3805;01:05:59;1790485559,9;64,984;8,64;16;;non_electrified;;
;;77ca9a4b-0a27-47d0-9acf-c27c3b7d3805;01:06:01;1790485561,9;64,988;4,32;16;;non_electrified;;
;;77ca9a4b-0a27-47d0-9acf-c27c3b7d3805;01:06:03;1790485563,9;64,989;0;16;;non_electrified;;
;;77ca9a4b-0a27-47d0-9acf-c27c3b7d3805;01:36:03;1790487363,9;64,989;0;16;;non_electrified;;
Toronto Union Station;BV;7;01:06:03;1790485563,9;64,989;0;16;;non_electrified;;
;;7;01:36:05;1790487365,9;64,99;2,785;16;;non_electrified;;
;;7;01:36:07;1790487367,9;64,992;5,569;16;;non_electrified;;
;;7;01:36:09;1790487369,9;64,996;8,351;16;;non_electrified;;
;;7;01:36:15;1790487375,5;65,015;16,092;16;;non_electrified;;
;;7;01:36:49;1790487409,9;65,169;16,092;16;;non_electrified;;
;;7;01:36:49;1790487409,9;65,169;16,092;24;;non_electrified;;
;;7;01:38:15;1790487495,5;65,552;16,092;24;;non_electrified;;
;;7;01:38:21;1790487501,3;65,584;24,142;24;;non_electrified;;
;;7;01:39:05;1790487545,2;65,878;24,142;24;;non_electrified;;
;;7;01:39:05;1790487545,2;65,878;24,142;48;;non_electrified;;
;;7;01:39:17;1790487557,2;65,959;24,142;48;;non_electrified;;
;;7;01:39:17;1790487557,2;65,959;24,142;150;;non_electrified;;
;;7;01:39:25;1790487565,3;66,013;24,142;150;;non_electrified;;
;;7;01:39:25;1790487565,3;66,013;24,142;48;;non_electrified;;
;;7;01:39:29;1790487569,2;66,039;24,142;48;;non_electrified;;
;;7;01:39:29;1790487569,2;66,039;24,142;24;;non_electrified;;
;;7;01:39:33;1790487573,2;66,066;24,142;24;;non_electrified;;
;;7;01:39:33;1790487573,2;66,066;24,142;72;;non_electrified;;
;;7;01:39:37;1790487577,2;66,093;24,142;72;;non_electrified;;
;;7;01:39:37;1790487577,2;66,093;24,142;64;;non_electrified;;
;;7;01:40:30;1790487630,3;66,449;24,142;64;;non_electrified;;
;;7;01:40:36;1790487636,3;66,496;32,435;64;;non_electrified;;
;;7;01:40:40;1790487640,3;66,535;37,712;64;;non_electrified;;
;;7;01:40:48;1790487648,3;66,629;46,625;64;;non_electrified;;
;;7;01:40:58;1790487658,3;66,772;55,734;64;;non_electrified;;
;;7;01:41:09;1790487669,6;66,96;64,375;64;;non_electrified;;
;;7;01:42:30;1790487750,7;68,411;64,375;64;;non_electrified;;
;;7;01:42:30;1790487750,7;68,411;64,375;80;;non_electrified;;
;;7;01:42:52;1790487772,2;68,794;64,375;80;;non_electrified;;
;;7;01:43:04;1790487784,2;69,023;72,331;80;;non_electrified;;
;;7;01:43:18;1790487798,1;69,32;80,467;80;;non_electrified;;
;;7;01:43:18;1790487798,8;69,334;80,467;80;;non_electrified;;
;;7;01:43:18;1790487798,8;69,334;80,467;129;;non_electrified;;
;;7;01:43:35;1790487815,9;69,717;80,467;129;;non_electrified;;
;;7;01:43:59;1790487839,9;70,295;92,443;129;;non_electrified;;
;;7;01:44:15;1790487855,1;70,708;98,842;129;;non_electrified;;
;;7;01:44:15;1790487855,1;70,708;98,842;150;;non_electrified;;
;;7;01:44:25;1790487865,9;71,003;103,42;150;;non_electrified;;
;;7;01:44:55;1790487895,9;71,911;114,25;150;;non_electrified;;
;;7;01:45:26;1790487926,5;72,922;123,764;150;;non_electrified;;
;;7;01:45:33;1790487933,8;73,157;108;150;;non_electrified;;
;;7;01:45:41;1790487941,8;73,378;90,72;150;;non_electrified;;
;;7;01:45:43;1790487943,6;73,42;86,705;150;;non_electrified;;
;;7;01:45:43;1790487943,6;73,42;86,705;137;;non_electrified;;
;;7;01:45:49;1790487949,8;73,56;73,44;137;;non_electrified;;
;;7;01:45:57;1790487957,8;73,704;56,16;137;;non_electrified;;
;;7;01:46:01;1790487961,8;73,762;47,52;137;;non_electrified;;
;;7;01:46:04;1790487964,2;73,791;42,321;137;;non_electrified;;
;;7;01:46:04;1790487964,2;73,791;42,321;150;;non_electrified;;
;;7;01:46:05;1790487965,8;73,81;38,88;150;;non_electrified;;
;;7;01:46:11;1790487971,8;73,864;25,92;150;;non_electrified;;
;;7;01:46:15;1790487975,8;73,888;17,28;150;;non_electrified;;
;;7;01:46:17;1790487977,8;73,896;12,96;150;;non_electrified;;
;;7;01:46:19;1790487979,8;73,902;8,64;150;;non_electrified;;
;;7;01:46:21;1790487981,8;73,906;4,32;150;;non_electrified;;
;;7;01:46:23;1790487983,8;73,907;0;150;;non_electrified;;
;;7;01:47:23;1790488043,8;73,907;0;150;;non_electrified;;
Danforth;BV;65cdc53f-2ba5-4f5c-818e-a74425814e3b;01:46:23;1790487983,8;73,907;0;150;;non_electrified;;
;;65cdc53f-2ba5-4f5c-818e-a74425814e3b;01:47:25;1790488045,8;73,908;2,785;150;;non_electrified;;
;;65cdc53f-2ba5-4f5c-818e-a74425814e3b;01:47:27;1790488047,8;73,91;5,569;150;;non_electrified;;
;;65cdc53f-2ba5-4f5c-818e-a74425814e3b;01:47:31;1790488051,8;73,919;11,132;150;;non_electrified;;
;;65cdc53f-2ba5-4f5c-818e-a74425814e3b;01:47:35;1790488055,8;73,935;16,689;150;;non_electrified;;
;;65cdc53f-2ba5-4f5c-818e-a74425814e3b;01:47:41;1790488061,8;73,97;25,012;150;;non_electrified;;
;;65cdc53f-2ba5-4f5c-818e-a74425814e3b;01:47:49;1790488069,8;74,037;35,96;150;;non_electrified;;
;;65cdc53f-2ba5-4f5c-818e-a74425814e3b;01:47:57;1790488077,8;74,128;45,225;150;;non_electrified;;
;;65cdc53f-2ba5-4f5c-818e-a74425814e3b;01:48:05;1790488085,8;74,237;52,85;150;;non_electrified;;
;;65cdc53f-2ba5-4f5c-818e-a74425814e3b;01:48:15;1790488095,8;74,396;60,979;150;;non_electrified;;
;;65cdc53f-2ba5-4f5c-818e-a74425814e3b;01:48:25;1790488105,8;74,575;68,059;150;;non_electrified;;
;;65cdc53f-2ba5-4f5c-818e-a74425814e3b;01:48:37;1790488117,8;74,815;75,573;150;;non_electrified;;
;;65cdc53f-2ba5-4f5c-818e-a74425814e3b;01:48:49;1790488129,8;75,078;82,287;150;;non_electrified;;
;;65cdc53f-2ba5-4f5c-818e-a74425814e3b;01:48:56;1790488136,4;75,236;85,626;150;;non_electrified;;
;;65cdc53f-2ba5-4f5c-818e-a74425814e3b;01:48:56;1790488136,4;75,236;85,626;137;;non_electrified;;
;;65cdc53f-2ba5-4f5c-818e-a74425814e3b;01:49:03;1790488143,8;75,412;89,344;137;;non_electrified;;
;;65cdc53f-2ba5-4f5c-818e-a74425814e3b;01:49:31;1790488171,8;76,156;101,59;137;;non_electrified;;
;;65cdc53f-2ba5-4f5c-818e-a74425814e3b;01:50:02;1790488202,2;77,065;112,778;137;;non_electrified;;
;;65cdc53f-2ba5-4f5c-818e-a74425814e3b;01:50:02;1790488202,2;77,065;112,778;150;;non_electrified;;
;;65cdc53f-2ba5-4f5c-818e-a74425814e3b;01:50:03;1790488203,8;77,113;113,368;150;;non_electrified;;
;;65cdc53f-2ba5-4f5c-818e-a74425814e3b;01:50:36;1790488236,5;78,191;123,63;150;;non_electrified;;
;;65cdc53f-2ba5-4f5c-818e-a74425814e3b;01:50:43;1790488243,7;78,423;108;150;;non_electrified;;
;;65cdc53f-2ba5-4f5c-818e-a74425814e3b;01:50:51;1790488251,7;78,644;90,72;150;;non_electrified;;
;;65cdc53f-2ba5-4f5c-818e-a74425814e3b;01:50:59;1790488259,7;78,827;73,44;150;;non_electrified;;
;;65cdc53f-2ba5-4f5c-818e-a74425814e3b;01:51:07;1790488267,7;78,971;56,16;150;;non_electrified;;
;;65cdc53f-2ba5-4f5c-818e-a74425814e3b;01:51:11;1790488271,7;79,028;47,52;150;;non_electrified;;
;;65cdc53f-2ba5-4f5c-818e-a74425814e3b;01:51:15;1790488275,7;79,076;38,88;150;;non_electrified;;
;;65cdc53f-2ba5-4f5c-818e-a74425814e3b;01:51:21;1790488281,7;79,13;25,92;150;;non_electrified;;
;;65cdc53f-2ba5-4f5c-818e-a74425814e3b;01:51:25;1790488285,7;79,154;17,28;150;;non_electrified;;
;;65cdc53f-2ba5-4f5c-818e-a74425814e3b;01:51:27;1790488287,7;79,163;12,96;150;;non_electrified;;
;;65cdc53f-2ba5-4f5c-818e-a74425814e3b;01:51:29;1790488289,7;79,169;8,64;150;;non_electrified;;
;;65cdc53f-2ba5-4f5c-818e-a74425814e3b;01:51:31;1790488291,7;79,172;4,32;150;;non_electrified;;
;;65cdc53f-2ba5-4f5c-818e-a74425814e3b;01:51:33;1790488293,7;79,173;0;150;;non_electrified;;
;;65cdc53f-2ba5-4f5c-818e-a74425814e3b;01:52:33;1790488353,7;79,173;0;150;;non_electrified;;
Scarborough;BV;63a56364-cd74-43c5-a761-79043806163f;01:51:33;1790488293,7;79,173;0;150;;non_electrified;;
;;63a56364-cd74-43c5-a761-79043806163f;01:52:35;1790488355,7;79,174;2,785;150;;non_electrified;;
;;63a56364-cd74-43c5-a761-79043806163f;01:52:37;1790488357,7;79,176;5,569;150;;non_electrified;;
;;63a56364-cd74-43c5-a761-79043806163f;01:52:39;1790488359,7;79,18;8,351;150;;non_electrified;;
;;63a56364-cd74-43c5-a761-79043806163f;01:52:43;1790488363,7;79,193;13,911;150;;non_electrified;;
;;63a56364-cd74-43c5-a761-79043806163f;01:52:47;1790488367,7;79,211;19,465;150;;non_electrified;;
;;63a56364-cd74-43c5-a761-79043806163f;01:52:53;1790488373,7;79,251;27,782;150;;non_electrified;;
;;63a56364-cd74-43c5-a761-79043806163f;01:52:59;1790488379,7;79,304;35,96;150;;non_electrified;;
;;63a56364-cd74-43c5-a761-79043806163f;01:53:05;1790488385,7;79,37;43,099;150;;non_electrified;;
;;63a56364-cd74-43c5-a761-79043806163f;01:53:11;1790488391,7;79,447;49,193;150;;non_electrified;;
;;63a56364-cd74-43c5-a761-79043806163f;01:53:25;1790488405,7;79,662;60,979;150;;non_electrified;;
;;63a56364-cd74-43c5-a761-79043806163f;01:53:43;1790488423,7;79,998;73,169;150;;non_electrified;;
;;63a56364-cd74-43c5-a761-79043806163f;01:54:01;1790488441,7;80,39;83,342;150;;non_electrified;;
;;63a56364-cd74-43c5-a761-79043806163f;01:54:04;1790488444,1;80,448;84,483;150;;non_electrified;;
;;63a56364-cd74-43c5-a761-79043806163f;01:54:04;1790488444,1;80,448;84,483;137;;non_electrified;;
;;63a56364-cd74-43c5-a761-79043806163f;01:54:21;1790488461,7;80,881;93,07;137;;non_electrified;;
;;63a56364-cd74-43c5-a761-79043806163f;01:54:33;1790488473,7;81,206;98,136;137;;non_electrified;;
;;63a56364-cd74-43c5-a761-79043806163f;01:54:33;1790488473,7;81,206;98,136;150;;non_electrified;;
;;63a56364-cd74-43c5-a761-79043806163f;01:54:43;1790488483,7;81,479;102,387;150;;non_electrified;;
;;63a56364-cd74-43c5-a761-79043806163f;01:54:49;1790488489,4;81,641;104,59;150;;non_electrified;;
;;63a56364-cd74-43c5-a761-79043806163f;01:54:59;1790488499,8;81,911;82,08;150;;non_electrified;;
;;63a56364-cd74-43c5-a761-79043806163f;01:55:05;1790488505,8;82,037;69,12;150;;non_electrified;;
;;63a56364-cd74-43c5-a761-79043806163f;01:55:09;1790488509,8;82,109;60,48;150;;non_electrified;;
;;63a56364-cd74-43c5-a761-79043806163f;01:55:13;1790488513,8;82,172;51,84;150;;non_electrified;;
;;63a56364-cd74-43c5-a761-79043806163f;01:55:17;1790488517,8;82,224;43,2;150;;non_electrified;;
;;63a56364-cd74-43c5-a761-79043806163f;01:55:21;1790488521,8;82,268;34,56;150;;non_electrified;;
;;63a56364-cd74-43c5-a761-79043806163f;01:55:25;1790488525,8;82,301;25,92;150;;non_electrified;;
;;63a56364-cd74-43c5-a761-79043806163f;01:55:29;1790488529,8;82,325;17,28;150;;non_electrified;;
;;63a56364-cd74-43c5-a761-79043806163f;01:55:31;1790488531,8;82,334;12,96;150;;non_electrified;;
;;63a56364-cd74-43c5-a761-79043806163f;01:55:33;1790488533,8;82,34;8,64;150;;non_electrified;;
;;63a56364-cd74-43c5-a761-79043806163f;01:55:35;1790488535,8;82,343;4,32;150;;non_electrified;;
;;63a56364-cd74-43c5-a761-79043806163f;01:55:37;1790488537,8;82,344;0;150;;non_electrified;;
;;63a56364-cd74-43c5-a761-79043806163f;01:56:37;1790488597,8;82,344;0;150;;non_electrified;;
Eglinton;BV;8e227ac8-cac4-47a3-a3a9-ac34054ca368;01:55:37;1790488537,8;82,344;0;150;;non_electrified;;
;;8e227ac8-cac4-47a3-a3a9-ac34054ca368;01:56:39;1790488599,8;82,345;2,785;150;;non_electrified;;
;;8e227ac8-cac4-47a3-a3a9-ac34054ca368;01:56:41;1790488601,8;82,348;5,569;150;;non_electrified;;
;;8e227ac8-cac4-47a3-a3a9-ac34054ca368;01:56:43;1790488603,8;82,351;8,351;150;;non_electrified;;
;;8e227ac8-cac4-47a3-a3a9-ac34054ca368;01:56:47;1790488607,8;82,364;13,911;150;;non_electrified;;
;;8e227ac8-cac4-47a3-a3a9-ac34054ca368;01:56:51;1790488611,8;82,382;19,465;150;;non_electrified;;
;;8e227ac8-cac4-47a3-a3a9-ac34054ca368;01:56:59;1790488619,8;82,438;30,546;150;;non_electrified;;
;;8e227ac8-cac4-47a3-a3a9-ac34054ca368;01:57:00;1790488620,7;82,446;31,684;150;;non_electrified;;
;;8e227ac8-cac4-47a3-a3a9-ac34054ca368;01:57:00;1790488620,7;82,446;31,684;137;;non_electrified;;
;;8e227ac8-cac4-47a3-a3a9-ac34054ca368;01:57:05;1790488625,8;82,496;38,489;137;;non_electrified;;
;;8e227ac8-cac4-47a3-a3a9-ac34054ca368;01:57:11;1790488631,8;82,565;45,225;137;;non_electrified;;
;;8e227ac8-cac4-47a3-a3a9-ac34054ca368;01:57:17;1790488637,8;82,646;51,056;137;;non_electrified;;
;;8e227ac8-cac4-47a3-a3a9-ac34054ca368;01:57:25;1790488645,8;82,767;57,876;137;;non_electrified;;
;;8e227ac8-cac4-47a3-a3a9-ac34054ca368;01:57:33;1790488653,8;82,902;63,917;137;;non_electrified;;
;;8e227ac8-cac4-47a3-a3a9-ac34054ca368;01:57:41;1790488661,4;83,051;68,858;137;;non_electrified;;
;;8e227ac8-cac4-47a3-a3a9-ac34054ca368;01:57:41;1790488661,4;83,051;68,858;121;;non_electrified;;
;;8e227ac8-cac4-47a3-a3a9-ac34054ca368;01:57:51;1790488671,8;83,252;75,573;121;;non_electrified;;
;;8e227ac8-cac4-47a3-a3a9-ac34054ca368;01:58:11;1790488691,8;83,703;86,41;121;;non_electrified;;
;;8e227ac8-cac4-47a3-a3a9-ac34054ca368;01:58:25;1790488705,4;84,049;92,715;121;;non_electrified;;
;;8e227ac8-cac4-47a3-a3a9-ac34054ca368;01:58:25;1790488705,4;84,049;92,715;137;;non_electrified;;
;;8e227ac8-cac4-47a3-a3a9-ac34054ca368;01:58:33;1790488713,8;84,263;96,604;137;;non_electrified;;
;;8e227ac8-cac4-47a3-a3a9-ac34054ca368;01:58:56;1790488736,5;84,903;105,768;137;;non_electrified;;
;;8e227ac8-cac4-47a3-a3a9-ac34054ca368;01:59:03;1790488743,5;85,093;90,72;137;;non_electrified;;
;;8e227ac8-cac4-47a3-a3a9-ac34054ca368;01:59:09;1790488749,5;85,233;77,76;137;;non_electrified;;
;;8e227ac8-cac4-47a3-a3a9-ac34054ca368;01:59:11;1790488751,1;85,265;74,227;137;;non_electrified;;
;;8e227ac8-cac4-47a3-a3a9-ac34054ca368;01:59:11;1790488751,1;85,265;74,227;150;;non_electrified;;
;;8e227ac8-cac4-47a3-a3a9-ac34054ca368;01:59:17;1790488757,5;85,387;60,48;150;;non_electrified;;
;;8e227ac8-cac4-47a3-a3a9-ac34054ca368;01:59:23;1790488763,5;85,477;47,52;150;;non_electrified;;
;;8e227ac8-cac4-47a3-a3a9-ac34054ca368;01:59:29;1790488769,5;85,545;34,56;150;;non_electrified;;
;;8e227ac8-cac4-47a3-a3a9-ac34054ca368;01:59:35;1790488775,5;85,592;21,6;150;;non_electrified;;
;;8e227ac8-cac4-47a3-a3a9-ac34054ca368;01:59:37;1790488777,5;85,603;17,28;150;;non_electrified;;
;;8e227ac8-cac4-47a3-a3a9-ac34054ca368;01:59:39;1790488779,5;85,611;12,96;150;;non_electrified;;
;;8e227ac8-cac4-47a3-a3a9-ac34054ca368;01:59:41;1790488781,5;85,617;8,64;150;;non_electrified;;
;;8e227ac8-cac4-47a3-a3a9-ac34054ca368;01:59:43;1790488783,5;85,621;4,32;150;;non_electrified;;
;;8e227ac8-cac4-47a3-a3a9-ac34054ca368;01:59:45;1790488785,5;85,622;0;150;;non_electrified;;
;;8e227ac8-cac4-47a3-a3a9-ac34054ca368;02:00:45;1790488845,5;85,622;0;150;;non_electrified;;
Guildwood;BV;1a0fffa0-2d48-461f-aae5-14c6bc8c6b54;01:59:45;1790488785,5;85,622;0;150;;non_electrified;;
;;1a0fffa0-2d48-461f-aae5-14c6bc8c6b54;02:00:47;1790488847,5;85,623;2,785;150;;non_electrified;;
;;1a0fffa0-2d48-461f-aae5-14c6bc8c6b54;02:00:49;1790488849,5;85,625;5,569;150;;non_electrified;;
;;1a0fffa0-2d48-461f-aae5-14c6bc8c6b54;02:00:53;1790488853,5;85,634;11,132;150;;non_electrified;;
;;1a0fffa0-2d48-461f-aae5-14c6bc8c6b54;02:00:57;1790488857,5;85,65;16,689;150;;non_electrified;;
;;1a0fffa0-2d48-461f-aae5-14c6bc8c6b54;02:01:03;1790488863,5;85,685;25,012;150;;non_electrified;;
;;1a0fffa0-2d48-461f-aae5-14c6bc8c6b54;02:01:09;1790488869,5;85,733;33,29;150;;non_electrified;;
;;1a0fffa0-2d48-461f-aae5-14c6bc8c6b54;02:01:13;1790488873,5;85,773;38,489;150;;non_electrified;;
;;1a0fffa0-2d48-461f-aae5-14c6bc8c6b54;02:01:21;1790488881,5;85,869;47,252;150;;non_electrified;;
;;1a0fffa0-2d48-461f-aae5-14c6bc8c6b54;02:01:31;1790488891,5;86,013;56,255;150;;non_electrified;;
;;1a0fffa0-2d48-461f-aae5-14c6bc8c6b54;02:01:43;1790488903,5;86,216;65,331;150;;non_electrified;;
;;1a0fffa0-2d48-461f-aae5-14c6bc8c6b54;02:01:55;1790488915,5;86,447;73,169;150;;non_electrified;;
;;1a0fffa0-2d48-461f-aae5-14c6bc8c6b54;02:02:07;1790488927,5;86,703;80,125;150;;non_electrified;;
;;1a0fffa0-2d48-461f-aae5-14c6bc8c6b54;02:02:21;1790488941,5;87,029;87,402;150;;non_electrified;;
;;1a0fffa0-2d48-461f-aae5-14c6bc8c6b54;02:02:37;1790488957,5;87,434;94,86;150;;non_electrified;;
;;1a0fffa0-2d48-461f-aae5-14c6bc8c6b54;02:03:00;1790488980,8;88,089;104,209;150;;non_electrified;;
;;1a0fffa0-2d48-461f-aae5-14c6bc8c6b54;02:03:00;1790488980,8;88,089;104,209;129;;non_electrified;;
;;1a0fffa0-2d48-461f-aae5-14c6bc8c6b54;02:03:09;1790488989,5;88,336;107,728;129;;non_electrified;;
;;1a0fffa0-2d48-461f-aae5-14c6bc8c6b54;02:03:14;1790488994,2;88,484;109,297;129;;non_electrified;;
;;1a0fffa0-2d48-461f-aae5-14c6bc8c6b54;02:03:14;1790488994,2;88,484;109,297;150;;non_electrified;;
;;1a0fffa0-2d48-461f-aae5-14c6bc8c6b54;02:03:45;1790489025,5;89,476;119,825;150;;non_electrified;;
;;1a0fffa0-2d48-461f-aae5-14c6bc8c6b54;02:03:46;1790489026,7;89,517;120,163;150;;non_electrified;;
;;1a0fffa0-2d48-461f-aae5-14c6bc8c6b54;02:03:46;1790489026,7;89,517;120,163;129;;non_electrified;;
;;1a0fffa0-2d48-461f-aae5-14c6bc8c6b54;02:04:00;1790489040,8;90,01;124,161;129;;non_electrified;;
;;1a0fffa0-2d48-461f-aae5-14c6bc8c6b54;02:04:00;1790489040,8;90,01;124,161;145;;non_electrified;;
;;1a0fffa0-2d48-461f-aae5-14c6bc8c6b54;02:04:24;1790489064,9;90,85;130,972;145;;non_electrified;;
;;1a0fffa0-2d48-461f-aae5-14c6bc8c6b54;02:04:33;1790489073,6;91,142;112,32;145;;non_electrified;;
;;1a0fffa0-2d48-461f-aae5-14c6bc8c6b54;02:04:38;1790489078,9;91,297;100,673;145;;non_electrified;;
;;1a0fffa0-2d48-461f-aae5-14c6bc8c6b54;02:04:38;1790489078,9;91,297;100,673;150;;non_electrified;;
;;1a0fffa0-2d48-461f-aae5-14c6bc8c6b54;02:04:41;1790489081,6;91,372;95,04;150;;non_electrified;;
;;1a0fffa0-2d48-461f-aae5-14c6bc8c6b54;02:04:49;1790489089,6;91,564;77,76;150;;non_electrified;;
;;1a0fffa0-2d48-461f-aae5-14c6bc8c6b54;02:04:57;1790489097,6;91,718;60,48;150;;non_electrified;;
;;1a0fffa0-2d48-461f-aae5-14c6bc8c6b54;02:05:01;1790489101,6;91,78;51,84;150;;non_electrified;;
;;1a0fffa0-2d48-461f-aae5-14c6bc8c6b54;02:05:05;1790489105,6;91,833;43,2;150;;non_electrified;;
;;1a0fffa0-2d48-461f-aae5-14c6bc8c6b54;02:05:09;1790489109,6;91,876;34,56;150;;non_electrified;;
;;1a0fffa0-2d48-461f-aae5-14c6bc8c6b54;02:05:13;1790489113,6;91,91;25,92;150;;non_electrified;;
;;1a0fffa0-2d48-461f-aae5-14c6bc8c6b54;02:05:17;1790489117,6;91,934;17,28;150;;non_electrified;;
;;1a0fffa0-2d48-461f-aae5-14c6bc8c6b54;02:05:19;1790489119,6;91,942;12,96;150;;non_electrified;;
;;1a0fffa0-2d48-461f-aae5-14c6bc8c6b54;02:05:21;1790489121,6;91,948;8,64;150;;non_electrified;;
;;1a0fffa0-2d48-461f-aae5-14c6bc8c6b54;02:05:23;1790489123,6;91,952;4,32;150;;non_electrified;;
;;1a0fffa0-2d48-461f-aae5-14c6bc8c6b54;02:05:25;1790489125,6;91,953;0;150;;non_electrified;;
;;1a0fffa0-2d48-461f-aae5-14c6bc8c6b54;02:06:25;1790489185,6;91,953;0;150;;non_electrified;;
Rouge Hill;BV;50c8a272-50e1-4094-a989-bf1adaa0218d;02:05:25;1790489125,6;91,953;0;150;;non_electrified;;
;;50c8a272-50e1-4094-a989-bf1adaa0218d;02:06:27;1790489187,6;91,954;2,785;150;;non_electrified;;
;;50c8a272-50e1-4094-a989-bf1adaa0218d;02:06:29;1790489189,6;91,956;5,569;150;;non_electrified;;
;;50c8a272-50e1-4094-a989-bf1adaa0218d;02:06:33;1790489193,6;91,965;11,132;150;;non_electrified;;
;;50c8a272-50e1-4094-a989-bf1adaa0218d;02:06:37;1790489197,6;91,981;16,689;150;;non_electrified;;
;;50c8a272-50e1-4094-a989-bf1adaa0218d;02:06:43;1790489203,6;92,016;25,012;150;;non_electrified;;
;;50c8a272-50e1-4094-a989-bf1adaa0218d;02:06:51;1790489211,6;92,083;35,96;150;;non_electrified;;
;;50c8a272-50e1-4094-a989-bf1adaa0218d;02:06:59;1790489219,6;92,174;45,225;150;;non_electrified;;
;;50c8a272-50e1-4094-a989-bf1adaa0218d;02:07:09;1790489229,6;92,313;54,581;150;;non_electrified;;
;;50c8a272-50e1-4094-a989-bf1adaa0218d;02:07:19;1790489239,6;92,476;62,467;150;;non_electrified;;
;;50c8a272-50e1-4094-a989-bf1adaa0218d;02:07:29;1790489249,6;92,659;69,377;150;;non_electrified;;
;;50c8a272-50e1-4094-a989-bf1adaa0218d;02:07:41;1790489261,6;92,903;76,742;150;;non_electrified;;
;;50c8a272-50e1-4094-a989-bf1adaa0218d;02:08:07;1790489287,6;93,508;90,295;150;;non_electrified;;
;;50c8a272-50e1-4094-a989-bf1adaa0218d;02:08:17;1790489297,2;93,766;94,416;150;;non_electrified;;
;;50c8a272-50e1-4094-a989-bf1adaa0218d;02:08:17;1790489297,2;93,766;94,416;145;;non_electrified;;
;;50c8a272-50e1-4094-a989-bf1adaa0218d;02:08:37;1790489317,6;94,316;103,176;145;;non_electrified;;
;;50c8a272-50e1-4094-a989-bf1adaa0218d;02:08:44;1790489324,9;94,537;105,805;145;;non_electrified;;
;;50c8a272-50e1-4094-a989-bf1adaa0218d;02:08:44;1790489324,9;94,537;105,805;150;;non_electrified;;
;;50c8a272-50e1-4094-a989-bf1adaa0218d;02:09:09;1790489349,6;95,285;114,709;150;;non_electrified;;
;;50c8a272-50e1-4094-a989-bf1adaa0218d;02:09:10;1790489350,5;95,318;115,009;150;;non_electrified;;
;;50c8a272-50e1-4094-a989-bf1adaa0218d;02:09:10;1790489350,5;95,318;115,009;145;;non_electrified;;
;;50c8a272-50e1-4094-a989-bf1adaa0218d;02:09:44;1790489384,2;96,441;125,33;145;;non_electrified;;
;;50c8a272-50e1-4094-a989-bf1adaa0218d;02:09:50;1790489390,7;96,655;111,301;145;;non_electrified;;
;;50c8a272-50e1-4094-a989-bf1adaa0218d;02:09:56;1790489396,7;96,829;98,341;145;;non_electrified;;
;;50c8a272-50e1-4094-a989-bf1adaa0218d;02:10:02;1790489402,7;96,982;85,381;145;;non_electrified;;
;;50c8a272-50e1-4094-a989-bf1adaa0218d;02:10:08;1790489408,7;97,114;72,421;145;;non_electrified;;
;;50c8a272-50e1-4094-a989-bf1adaa0218d;02:10:13;1790489413,6;97,214;72,421;145;;non_electrified;;
;;50c8a272-50e1-4094-a989-bf1adaa0218d;02:10:13;1790489413,6;97,214;72,421;72;;non_electrified;;
;;50c8a272-50e1-4094-a989-bf1adaa0218d;02:10:19;1790489419,8;97,338;72,421;72;;non_electrified;;
;;50c8a272-50e1-4094-a989-bf1adaa0218d;02:10:19;1790489419,8;97,338;72,421;145;;non_electrified;;
;;50c8a272-50e1-4094-a989-bf1adaa0218d;02:10:28;1790489428,2;97,506;72,421;145;;non_electrified;;
;;50c8a272-50e1-4094-a989-bf1adaa0218d;02:10:28;1790489428,2;97,506;72,421;72;;non_electrified;;
;;50c8a272-50e1-4094-a989-bf1adaa0218d;02:11:13;1790489473,6;98,42;72,421;72;;non_electrified;;
;;50c8a272-50e1-4094-a989-bf1adaa0218d;02:11:13;1790489473,6;98,42;72,421;137;;non_electrified;;
;;50c8a272-50e1-4094-a989-bf1adaa0218d;02:11:32;1790489492,6;98,803;72,421;137;;non_electrified;;
;;50c8a272-50e1-4094-a989-bf1adaa0218d;02:11:34;1790489494,1;98,832;73,308;137;;non_electrified;;
;;50c8a272-50e1-4094-a989-bf1adaa0218d;02:11:40;1790489500;98,943;60,48;137;;non_electrified;;
;;50c8a272-50e1-4094-a989-bf1adaa0218d;02:11:44;1790489504;99,005;51,84;137;;non_electrified;;
;;50c8a272-50e1-4094-a989-bf1adaa0218d;02:11:48;1790489508;99,058;43,2;137;;non_electrified;;
;;50c8a272-50e1-4094-a989-bf1adaa0218d;02:11:52;1790489512;99,101;34,56;137;;non_electrified;;
;;50c8a272-50e1-4094-a989-bf1adaa0218d;02:11:56;1790489516;99,135;25,92;137;;non_electrified;;
;;50c8a272-50e1-4094-a989-bf1adaa0218d;02:12:00;1790489520;99,159;17,28;137;;non_electrified;;
;;50c8a272-50e1-4094-a989-bf1adaa0218d;02:12:02;1790489522;99,167;12,96;137;;non_electrified;;
;;50c8a272-50e1-4094-a989-bf1adaa0218d;02:12:04;1790489524;99,173;8,64;137;;non_electrified;;
;;50c8a272-50e1-4094-a989-bf1adaa0218d;02:12:06;1790489526;99,177;4,32;137;;non_electrified;;
;;50c8a272-50e1-4094-a989-bf1adaa0218d;02:12:08;1790489528;99,178;0;137;;non_electrified;;
;;50c8a272-50e1-4094-a989-bf1adaa0218d;02:13:08;1790489588;99,178;0;137;;non_electrified;;
Pickering;BV;8192b344-f392-4aa8-a185-d087a1a69b07;02:12:08;1790489528;99,178;0;137;;non_electrified;;
;;8192b344-f392-4aa8-a185-d087a1a69b07;02:13:10;1790489590;99,178;2,785;137;;non_electrified;;
;;8192b344-f392-4aa8-a185-d087a1a69b07;02:13:12;1790489592;99,181;5,569;137;;non_electrified;;
;;8192b344-f392-4aa8-a185-d087a1a69b07;02:13:16;1790489596;99,19;11,132;137;;non_electrified;;
;;8192b344-f392-4aa8-a185-d087a1a69b07;02:13:20;1790489600;99,206;16,689;137;;non_electrified;;
;;8192b344-f392-4aa8-a185-d087a1a69b07;02:13:24;1790489604;99,227;22,24;137;;non_electrified;;
;;8192b344-f392-4aa8-a185-d087a1a69b07;02:13:32;1790489612;99,289;33,29;137;;non_electrified;;
;;8192b344-f392-4aa8-a185-d087a1a69b07;02:13:38;1790489618;99,351;40,86;137;;non_electrified;;
;;8192b344-f392-4aa8-a185-d087a1a69b07;02:13:44;1790489624;99,424;47,252;137;;non_electrified;;
;;8192b344-f392-4aa8-a185-d087a1a69b07;02:13:52;1790489632;99,538;54,581;137;;non_electrified;;
;;8192b344-f392-4aa8-a185-d087a1a69b07;02:14:00;1790489640;99,666;60,979;137;;non_electrified;;
;;8192b344-f392-4aa8-a185-d087a1a69b07;02:14:10;1790489650;99,846;68,059;137;;non_electrified;;
;;8192b344-f392-4aa8-a185-d087a1a69b07;02:14:30;1790489670;100,258;80,125;137;;non_electrified;;
;;8192b344-f392-4aa8-a185-d087a1a69b07;02:14:54;1790489694;100,834;92,157;137;;non_electrified;;
;;8192b344-f392-4aa8-a185-d087a1a69b07;02:15:18;1790489718;101,483;102,387;137;;non_electrified;;
;;8192b344-f392-4aa8-a185-d087a1a69b07;02:15:44;1790489744,3;102,267;112,093;137;;non_electrified;;
;;8192b344-f392-4aa8-a185-d087a1a69b07;02:15:52;1790489752,2;102,494;95,04;137;;non_electrified;;
;;8192b344-f392-4aa8-a185-d087a1a69b07;02:15:58;1790489758,2;102,641;82,08;137;;non_electrified;;
;;8192b344-f392-4aa8-a185-d087a1a69b07;02:16:04;1790489764,2;102,767;69,12;137;;non_electrified;;
;;8192b344-f392-4aa8-a185-d087a1a69b07;02:16:12;1790489772,2;102,902;51,84;137;;non_electrified;;
;;8192b344-f392-4aa8-a185-d087a1a69b07;02:16:18;1790489778,2;102,977;38,88;137;;non_electrified;;
;;8192b344-f392-4aa8-a185-d087a1a69b07;02:16:22;1790489782,2;103,016;30,24;137;;non_electrified;;
;;8192b344-f392-4aa8-a185-d087a1a69b07;02:16:26;1790489786,2;103,044;21,6;137;;non_electrified;;
;;8192b344-f392-4aa8-a185-d087a1a69b07;02:16:28;1790489788,2;103,055;17,28;137;;non_electrified;;
;;8192b344-f392-4aa8-a185-d087a1a69b07;02:16:30;1790489790,2;103,064;12,96;137;;non_electrified;;
;;8192b344-f392-4aa8-a185-d087a1a69b07;02:16:32;1790489792,2;103,07;8,64;137;;non_electrified;;
;;8192b344-f392-4aa8-a185-d087a1a69b07;02:16:34;1790489794,2;103,073;4,32;137;;non_electrified;;
;;8192b344-f392-4aa8-a185-d087a1a69b07;02:16:36;1790489796,2;103,074;0;137;;non_electrified;;
;;8192b344-f392-4aa8-a185-d087a1a69b07;02:17:36;1790489856,2;103,074;0;137;;non_electrified;;
Ajax;BV;f0cb1ff1-a808-4464-a012-d06640c56b50;02:16:36;1790489796,2;103,074;0;137;;non_electrified;;
;;f0cb1ff1-a808-4464-a012-d06640c56b50;02:17:38;1790489858,2;103,075;2,785;137;;non_electrified;;
;;f0cb1ff1-a808-4464-a012-d06640c56b50;02:17:40;1790489860,2;103,078;5,569;137;;non_electrified;;
;;f0cb1ff1-a808-4464-a012-d06640c56b50;02:17:42;1790489862,2;103,081;8,351;137;;non_electrified;;
;;f0cb1ff1-a808-4464-a012-d06640c56b50;02:17:48;1790489868,2;103,102;16,689;137;;non_electrified;;
;;f0cb1ff1-a808-4464-a012-d06640c56b50;02:17:54;1790489874,2;103,137;25,012;137;;non_electrified;;
;;f0cb1ff1-a808-4464-a012-d06640c56b50;02:18:00;1790489880,2;103,186;33,29;137;;non_electrified;;
;;f0cb1ff1-a808-4464-a012-d06640c56b50;02:18:04;1790489884,2;103,226;38,489;137;;non_electrified;;
;;f0cb1ff1-a808-4464-a012-d06640c56b50;02:18:10;1790489890,2;103,295;45,225;137;;non_electrified;;
;;f0cb1ff1-a808-4464-a012-d06640c56b50;02:18:19;1790489899,1;103,419;53,57;137;;non_electrified;;
;;f0cb1ff1-a808-4464-a012-d06640c56b50;02:18:19;1790489899,1;103,419;53,57;150;;non_electrified;;
;;f0cb1ff1-a808-4464-a012-d06640c56b50;02:18:20;1790489900,2;103,434;54,581;150;;non_electrified;;
;;f0cb1ff1-a808-4464-a012-d06640c56b50;02:18:26;1790489906,3;103,537;59,288;150;;non_electrified;;
;;f0cb1ff1-a808-4464-a012-d06640c56b50;02:18:26;1790489906,3;103,537;59,288;137;;non_electrified;;
;;f0cb1ff1-a808-4464-a012-d06640c56b50;02:18:28;1790489908,4;103,571;60,858;137;;non_electrified;;
;;f0cb1ff1-a808-4464-a012-d06640c56b50;02:18:28;1790489908,4;103,571;60,858;150;;non_electrified;;
;;f0cb1ff1-a808-4464-a012-d06640c56b50;02:18:34;1790489914,2;103,668;65,331;150;;non_electrified;;
;;f0cb1ff1-a808-4464-a012-d06640c56b50;02:18:35;1790489915,2;103,688;65,99;150;;non_electrified;;
;;f0cb1ff1-a808-4464-a012-d06640c56b50;02:18:35;1790489915,2;103,688;65,99;137;;non_electrified;;
;;f0cb1ff1-a808-4464-a012-d06640c56b50;02:18:48;1790489928,2;103,94;74,382;137;;non_electrified;;
;;f0cb1ff1-a808-4464-a012-d06640c56b50;02:19:04;1790489944,2;104,291;83,342;137;;non_electrified;;
;;f0cb1ff1-a808-4464-a012-d06640c56b50;02:19:22;1790489962,2;104,731;92,157;137;;non_electrified;;
;;f0cb1ff1-a808-4464-a012-d06640c56b50;02:19:44;1790489984,2;105,323;101,59;137;;non_electrified;;
;;f0cb1ff1-a808-4464-a012-d06640c56b50;02:20:08;1790490008,2;106,031;110,605;137;;non_electrified;;
;;f0cb1ff1-a808-4464-a012-d06640c56b50;02:20:34;1790490034,2;106,862;119,206;137;;non_electrified;;
;;f0cb1ff1-a808-4464-a012-d06640c56b50;02:21:00;1790490060,2;107,751;126,836;137;;non_electrified;;
;;f0cb1ff1-a808-4464-a012-d06640c56b50;02:21:39;1790490099,1;109,176;136,793;137;;non_electrified;;
;;f0cb1ff1-a808-4464-a012-d06640c56b50;02:22:15;1790490135,7;110,566;136,793;137;;non_electrified;;
;;f0cb1ff1-a808-4464-a012-d06640c56b50;02:22:22;1790490143;110,828;120,96;137;;non_electrified;;
;;f0cb1ff1-a808-4464-a012-d06640c56b50;02:22:30;1790490151;111,078;103,68;137;;non_electrified;;
;;f0cb1ff1-a808-4464-a012-d06640c56b50;02:22:38;1790490159;111,289;86,4;137;;non_electrified;;
;;f0cb1ff1-a808-4464-a012-d06640c56b50;02:22:44;1790490164,1;111,399;75,444;137;;non_electrified;;
;;f0cb1ff1-a808-4464-a012-d06640c56b50;02:22:44;1790490164,1;111,399;75,444;105;;non_electrified;;
;;f0cb1ff1-a808-4464-a012-d06640c56b50;02:22:46;1790490167;111,462;69,12;105;;non_electrified;;
;;f0cb1ff1-a808-4464-a012-d06640c56b50;02:22:54;1790490175;111,596;51,84;105;;non_electrified;;
;;f0cb1ff1-a808-4464-a012-d06640c56b50;02:22:58;1790490179;111,649;43,2;105;;non_electrified;;
;;f0cb1ff1-a808-4464-a012-d06640c56b50;02:23:02;1790490183;111,692;34,56;105;;non_electrified;;
;;f0cb1ff1-a808-4464-a012-d06640c56b50;02:23:06;1790490187;111,726;25,92;105;;non_electrified;;
;;f0cb1ff1-a808-4464-a012-d06640c56b50;02:23:10;1790490191;111,75;17,28;105;;non_electrified;;
;;f0cb1ff1-a808-4464-a012-d06640c56b50;02:23:12;1790490193;111,758;12,96;105;;non_electrified;;
;;f0cb1ff1-a808-4464-a012-d06640c56b50;02:23:14;1790490195;111,764;8,64;105;;non_electrified;;
;;f0cb1ff1-a808-4464-a012-d06640c56b50;02:23:16;1790490197;111,768;4,32;105;;non_electrified;;
;;f0cb1ff1-a808-4464-a012-d06640c56b50;02:23:18;1790490199;111,769;0;105;;non_electrified;;
;;f0cb1ff1-a808-4464-a012-d06640c56b50;02:24:18;1790490259;111,769;0;105;;non_electrified;;
Whitby;BV;8b4cecb2-ebbd-4788-b272-5a40ac242035;02:23:18;1790490199;111,769;0;105;;non_electrified;;
;;8b4cecb2-ebbd-4788-b272-5a40ac242035;02:24:20;1790490261;111,77;2,785;105;;non_electrified;;
;;8b4cecb2-ebbd-4788-b272-5a40ac242035;02:24:22;1790490263;111,772;5,569;105;;non_electrified;;
;;8b4cecb2-ebbd-4788-b272-5a40ac242035;02:24:24;1790490265;111,776;8,351;105;;non_electrified;;
;;8b4cecb2-ebbd-4788-b272-5a40ac242035;02:24:28;1790490269;111,789;13,911;105;;non_electrified;;
;;8b4cecb2-ebbd-4788-b272-5a40ac242035;02:24:32;1790490273;111,807;19,465;105;;non_electrified;;
;;8b4cecb2-ebbd-4788-b272-5a40ac242035;02:24:36;1790490277;111,832;25,012;105;;non_electrified;;
;;8b4cecb2-ebbd-4788-b272-5a40ac242035;02:24:44;1790490285;111,9;35,96;105;;non_electrified;;
;;8b4cecb2-ebbd-4788-b272-5a40ac242035;02:24:50;1790490291;111,966;43,099;105;;non_electrified;;
;;8b4cecb2-ebbd-4788-b272-5a40ac242035;02:24:58;1790490299;112,071;51,056;105;;non_electrified;;
;;8b4cecb2-ebbd-4788-b272-5a40ac242035;02:25:06;1790490307;112,192;57,876;105;;non_electrified;;
;;8b4cecb2-ebbd-4788-b272-5a40ac242035;02:25:13;1790490313;112,295;62,385;105;;non_electrified;;
;;8b4cecb2-ebbd-4788-b272-5a40ac242035;02:25:13;1790490313;112,295;62,385;137;;non_electrified;;
;;8b4cecb2-ebbd-4788-b272-5a40ac242035;02:25:16;1790490317;112,363;65,331;137;;non_electrified;;
;;8b4cecb2-ebbd-4788-b272-5a40ac242035;02:25:36;1790490337;112,762;77,89;137;;non_electrified;;
;;8b4cecb2-ebbd-4788-b272-5a40ac242035;02:26:00;1790490361;113,324;90,295;137;;non_electrified;;
;;8b4cecb2-ebbd-4788-b272-5a40ac242035;02:26:26;1790490387;114,018;101,59;137;;non_electrified;;
;;8b4cecb2-ebbd-4788-b272-5a40ac242035;02:26:56;1790490416;114,881;112,349;137;;non_electrified;;
;;8b4cecb2-ebbd-4788-b272-5a40ac242035;02:27:06;1790490426,8;115,184;88,942;137;;non_electrified;;
;;8b4cecb2-ebbd-4788-b272-5a40ac242035;02:27:10;1790490430,8;115,278;80,302;137;;non_electrified;;
;;8b4cecb2-ebbd-4788-b272-5a40ac242035;02:27:11;1790490431,2;115,286;79,537;137;;non_electrified;;
;;8b4cecb2-ebbd-4788-b272-5a40ac242035;02:27:11;1790490431,2;115,286;79,537;150;;non_electrified;;
;;8b4cecb2-ebbd-4788-b272-5a40ac242035;02:27:16;1790490436,8;115,401;67,342;150;;non_electrified;;
;;8b4cecb2-ebbd-4788-b272-5a40ac242035;02:27:16;1790490436,9;115,402;67,22;150;;non_electrified;;
;;8b4cecb2-ebbd-4788-b272-5a40ac242035;02:27:16;1790490436,9;115,402;67,22;137;;non_electrified;;
;;8b4cecb2-ebbd-4788-b272-5a40ac242035;02:27:20;1790490440,8;115,471;58,702;137;;non_electrified;;
;;8b4cecb2-ebbd-4788-b272-5a40ac242035;02:27:26;1790490446,8;115,558;45,742;137;;non_electrified;;
;;8b4cecb2-ebbd-4788-b272-5a40ac242035;02:27:30;1790490450,8;115,604;37,102;137;;non_electrified;;
;;8b4cecb2-ebbd-4788-b272-5a40ac242035;02:27:36;1790490456,8;115,655;24,142;137;;non_electrified;;
;;8b4cecb2-ebbd-4788-b272-5a40ac242035;02:27:51;1790490471,7;115,755;24,142;137;;non_electrified;;
;;8b4cecb2-ebbd-4788-b272-5a40ac242035;02:27:51;1790490471,7;115,755;24,142;24;;non_electrified;;
;;8b4cecb2-ebbd-4788-b272-5a40ac242035;02:28:14;1790490494,1;115,906;24,142;24;;non_electrified;;
;;8b4cecb2-ebbd-4788-b272-5a40ac242035;02:28:16;1790490496,7;115,921;18,641;24;;non_electrified;;
;;8b4cecb2-ebbd-4788-b272-5a40ac242035;02:28:20;1790490500,7;115,937;10,001;24;;non_electrified;;
;;8b4cecb2-ebbd-4788-b272-5a40ac242035;02:29:27;1790490567,9;116,123;10,001;24;;non_electrified;;
;;8b4cecb2-ebbd-4788-b272-5a40ac242035;02:29:30;1790490570,5;116,129;4,32;24;;non_electrified;;
;;8b4cecb2-ebbd-4788-b272-5a40ac242035;02:29:32;1790490572,5;116,13;0;24;;non_electrified;;
requested destination;;V1;02:29:32;1790490572,5;116,13;0;24;;non_electrified;;