id,layer,description,model,parameters_from,doors_object,relation,status
UT-01,Model verification,EBD distance equals v^2/(2b),braking.py,ASM-08;ASM-09,SYS-TC-04,Concept support only - TC-TC-02 is a bench test and is not replaced by simulation,Pass
UT-02,Model verification,Supervision curves ordered EBD<EBI<SBI<Permitted,braking.py,ASM-08;ASM-09,SYS-TC-04;OI-06,Concept support; braking curves are the input OI-06 needs for degraded-mode speed limits,Pass
UT-03,Model verification,Speed never exceeds line limit or train maximum,dynamics.py,ASM-10,-,Model verification only,Pass
UT-04,Model verification,Train stops at every station,dynamics.py,ASM-15,-,Model verification only,Pass
UT-05,Model verification,Running time above physical lower bound,dynamics.py,-,-,Model verification only,Pass
UT-06,Model verification,Moving-block headway <= fixed-block headway,headway.py,OI-02;SYS-PRF-02;ASM-12,SYS-TC-02,Supports TC-TC-07 precondition (validated simulation model),Pass
UT-07,Model verification,Station headway grows one-for-one with dwell,headway.py,ASM-06,SYS-PRF-03,Supports TC-TC-07 precondition,Pass
UT-08,Model verification,Platform demand = ceil(station headway / service headway),headway.py,OI-08,SYS-PRF-03,Supports TC-TC-07 precondition,Pass
UT-09,Model verification,No incident: every trip runs exactly to schedule,propagation.py,ASM-15,-,Model verification only,Pass
UT-10,Model verification,Delay bounded by blockage plus headway knock-on,propagation.py,ASM-18,SYS-SUP-04,Supports TC-SUP-01 precondition (defined disruption scenario set),Pass
UT-11,Model verification,No overtaking within a direction,propagation.py,ASM-04,-,Model verification only,Pass
UT-12,Model verification,Union slack recovers up to scheduled minus minimum dwell,propagation.py,ASM-06;OPEN-05,-,Model verification only,Pass
UT-13,Model verification,Padded timetable runs to time without incident,propagation.py,OPEN-04;OPEN-05,-,Model verification only,Pass
UT-14,Model verification,Fleet size equals cycle time / headway,propagation.py,OPEN-04,-,Model verification only,Pass
UT-15,Model verification,Reporting interval never shortens headway; OI-02 two-train uncertainty = 18 m,headway.py,OI-02,SYS-TC-01;SYS-TC-02,Confirms OI-02 values are implemented as specified,Pass
UT-16,Model verification,OI-12 weights applied correctly (connecting 1.5; last service 2.0),passengers.py,OI-12;ASM-19,SYS-SUP-04,Confirms the ranking criterion is implemented as specified,Pass
SIM-01,Requirement evidence,Fixed vs moving block minimum headway on the real corridor (S1b vs S2); CV-4 against OSRD compression,val04_headway_real_signals.py,OI-02;SYS-PRF-02;ASM-11,TC-TC-07 -> SYS-TC-02;SYS-PRF-03,580 s -> 174 s (-70 %); sensitivity with 1-3 km blocks -65 to -77 %; OSRD 540-600 s; TC-TC-07 passed (VAL-04),Final
SIM-02,Requirement evidence,S3 disruption on the real corridor: incident delays and knock-on holds checked against OSRD conflicts,val05_incident.py;run_module3_real.py,OI-12;ASM-16;ASM-17;ASM-18;CR-014,TC-SUP-01 -> SYS-SUP-03;SYS-SUP-04,"Open line within +/-1 min (VAL-05 B2/B3); Union threshold not confirmed (data defect, ASM-22); detection within 10 s and proposal generation outside the model",Final (open line)
SIM-03,Requirement evidence,S2 recovery options ranked by weighted passenger delay on the real corridor,run_module3_real.py,OI-12;OPEN-04,SYS-SUP-04,Terminal slack best; Union or running allowance worse when it removes terminal slack; supporting analysis (no SRS requirement),Final (supporting)
SIM-04,Requirement evidence,Load-profile calibration for the test bench (12 trains/h/direction),-,OI-15,TC-AM-08;TC-PRF-01,Planned - OI-15 states the profile should be calibrated by simulation,Planned
SIM-05,Requirement evidence,Degraded-mode speed limits from braking performance,-,OI-06,SYS-DEG-01;TC-SUP-03,Planned - uses braking.py,Planned
UT-17,Model verification,Driver margins: limit respected 100 m before and 50 m after a restriction,dynamics.py,CR-012,-,Confirms OSRD DriverBehaviour is reproduced for VAL-03 equivalence,Pass
UT-18,Model verification,Buffer-stop safety approach speed (30 km/h last 200 m; 10 km/h last 100 m),dynamics.py,CR-013,-,Confirms OSRD SafetySpeed rule is reproduced for VAL-03 equivalence,Pass
UT-19,Model verification,Train caught in the blocked section brakes to a stand and restarts (not a pause),blocking.py,CR-014,SYS-SUP-04,Found in VAL-05 B1-B2 against OSRD,Pass
VAL-03,Model validation,"Running-time cross-validation golsim vs OSRD (S1, S2 proxy) on 116.130 km",val03_cross_validation.py,ASM-20;CR-012;CR-013,TC-TC-07 precondition,CV-1 +0.01 % / +0.06 %; CV-2 20/20; CV-3 20/20,Pass
VAL-04,Model validation,Fixed-block minimum headway golsim vs OSRD (CV-4),val04_headway_real_signals.py,ASM-11;ASM-22,TC-TC-07 precondition,golsim 580 s within OSRD 540-600 s; binding and secondary locations match,Pass
VAL-05,Model validation,"Delay propagation golsim vs OSRD conflicts (S3a, S3b)",val05_incident.py,CR-014;ASM-22,TC-SUP-01 (partial),Open line +/-1 min; Union station excluded,Pass (open line)
